time,PM10,PM25,CO,NO2,기온(°C),일사(MJ/m2),습도(%),강수량(mm),풍속(m/s),month,day,hour,PM10_Lag1
2021-01-05 00:00:00,47.0,25.0,0.5,0.023,-2.1,0.12400000000000001,73,0.0,2.4,1,5,0,20.0
2021-01-05 03:00:00,43.0,28.0,0.6,0.026,-2.5,0.17600000000000002,76,0.0,1.0,1,5,3,20.0
2021-01-05 06:00:00,34.0,20.0,0.4,0.014,-4.2,0.228,80,0.0,3.7,1,5,6,20.0
2021-01-05 09:00:00,36.0,19.0,0.5,0.021,-5.8,0.28,67,0.0,3.3,1,5,9,20.0
2021-01-06 21:00:00,25.0,16.0,0.6,0.034,-5.1,0.3066666666666667,89,2.2,2.0,1,6,21,20.0
2021-01-07 00:00:00,60.0,17.0,0.5,0.007,-8.3,0.3333333333333333,72,0.1,6.4,1,7,0,20.0
2021-01-12 15:00:00,60.0,45.0,1.0,0.048,-0.8,0.36,74,0.1,2.4,1,12,15,20.0
2021-01-12 18:00:00,79.0,67.0,1.3,0.064,-0.8,0.01,91,2.3,1.6,1,12,18,20.0
2021-01-12 21:00:00,85.0,67.0,1.4,0.067,-0.9,0.05,92,0.2,0.2,1,12,21,20.0
2021-01-13 00:00:00,77.0,54.0,1.0,0.053,-2.0,0.09,93,0.0,1.9,1,13,0,20.0
2021-01-13 03:00:00,78.0,55.0,1.1,0.052,-2.4,0.13,94,0.0,1.7,1,13,3,20.0
2021-01-15 15:00:00,80.0,34.0,0.6,0.033,9.2,0.17,82,0.2,5.6,1,15,15,20.0
2021-01-17 18:00:00,19.0,11.0,0.4,0.018,-2.6,0.05,58,0.0,3.2,1,17,18,20.0
2021-01-17 21:00:00,23.0,15.0,0.4,0.024,-2.8,0.134,74,0.0,1.8,1,17,21,20.0
2021-01-18 00:00:00,20.0,12.0,0.4,0.02,-3.0,0.21799999999999997,84,0.0,2.0,1,18,0,20.0
2021-01-18 03:00:00,24.0,11.0,0.5,0.023,-3.4,0.302,76,0.0,0.5,1,18,3,20.0
2021-01-18 06:00:00,27.0,13.0,0.5,0.033,-3.7,0.38599999999999995,83,0.0,1.9,1,18,6,20.0
2021-01-18 12:00:00,70.0,44.0,0.7,0.032,-0.6,0.47,88,0.3,2.2,1,18,12,20.0
2021-01-18 15:00:00,43.0,17.0,0.4,0.011,-0.4,0.64,56,0.0,6.0,1,18,15,20.0
2021-01-21 15:00:00,50.0,33.0,0.9,0.055,6.1,0.27,67,0.6,2.1,1,21,15,20.0
2021-01-21 18:00:00,41.0,26.0,1.0,0.056,4.6,0.02,91,4.0,2.1,1,21,18,20.0
2021-01-21 21:00:00,35.0,24.0,0.7,0.049,4.8,0.027999999999999997,95,3.7,2.1,1,21,21,20.0
2021-01-22 00:00:00,36.0,27.0,0.8,0.051,4.9,0.036,96,0.9,1.9,1,22,0,20.0
2021-01-22 03:00:00,32.0,23.0,0.8,0.046,5.0,0.044,93,0.0,1.4,1,22,3,20.0
2021-01-22 06:00:00,86.0,69.0,0.9,0.046,5.0,0.05199999999999999,95,0.1,1.2,1,22,6,20.0
2021-01-26 09:00:00,55.0,39.0,0.9,0.051,5.9,0.06,73,0.0,0.6,1,26,9,20.0
2021-01-26 12:00:00,28.0,20.0,0.7,0.045,6.1,0.25,88,1.3,0.6,1,26,12,20.0
2021-01-26 15:00:00,68.0,50.0,0.7,0.048,6.9,0.27,86,0.0,2.9,1,26,15,20.0
2021-01-26 18:00:00,30.0,21.0,0.7,0.018,5.2,0.01,94,0.4,3.2,1,26,18,20.0
2021-01-28 12:00:00,34.0,21.0,0.5,0.012,0.8,0.35,82,2.0,4.2,1,28,12,20.0
2021-01-30 06:00:00,34.0,14.0,0.5,0.034,-5.7,0.19499999999999998,53,0.0,3.8,1,30,6,20.0
2021-01-30 09:00:00,48.0,18.0,0.6,0.037,-5.6,0.04,72,0.2,3.7,1,30,9,20.0
2021-01-30 12:00:00,55.0,28.0,0.7,0.038,-0.8,1.68,73,0.3,1.8,1,30,12,20.0
2021-02-01 03:00:00,50.0,24.0,1.0,0.056,5.7,1.285,78,0.7,1.7,2,1,3,20.0
2021-02-02 21:00:00,32.0,16.0,0.4,0.011,-5.3,0.89,58,0.0,3.3,2,2,21,20.0
2021-02-03 00:00:00,25.0,17.0,0.4,0.008,-7.7,0.4950000000000001,55,0.0,2.9,2,3,0,20.0
2021-02-03 18:00:00,35.0,21.0,0.5,0.027,0.3,0.1,70,0.0,3.2,2,3,18,20.0
2021-02-03 21:00:00,36.0,23.0,0.5,0.024,0.2,0.09285714285714286,76,0.0,1.1,2,3,21,32.0
2021-02-04 00:00:00,30.0,20.0,0.5,0.017,0.0,0.08571428571428572,96,3.4,2.5,2,4,0,25.0
2021-02-04 03:00:00,39.0,27.0,0.5,0.009,-2.8,0.07857142857142857,70,0.1,2.1,2,4,3,20.0
2021-02-14 06:00:00,75.0,57.0,1.0,0.061,6.7,0.07142857142857142,51,0.0,1.0,2,14,6,20.0
2021-02-15 03:00:00,122.0,93.0,0.8,0.041,7.0,0.06428571428571428,64,0.0,2.4,2,15,3,20.0
2021-02-15 06:00:00,88.0,61.0,0.7,0.035,5.3,0.05714285714285715,89,1.2,2.1,2,15,6,75.0
2021-02-15 09:00:00,37.0,28.0,0.8,0.025,3.4,0.05,91,0.2,4.0,2,15,9,20.0
2021-02-16 09:00:00,27.0,15.0,0.4,0.023,-5.2,0.3,59,0.0,3.7,2,16,9,37.0
2021-02-16 12:00:00,25.0,15.5,0.4,0.0215,-5.0,0.54,81,0.8,2.7,2,16,12,20.0
2021-02-16 15:00:00,23.0,16.0,0.4,0.02,-3.2,1.15,62,0.7,2.5,2,16,15,20.0
2021-02-17 21:00:00,36.0,13.0,0.4,0.012,-9.1,0.875,53,0.0,5.0,2,17,21,20.0
2021-03-01 03:00:00,38.0,26.0,0.4,0.019,8.6,0.6,51,0.0,1.9,3,1,3,20.0
2021-03-01 06:00:00,24.0,17.0,0.4,0.017,5.6,0.32499999999999996,90,4.0,2.7,3,1,6,20.0
2021-03-01 09:00:00,11.0,8.0,0.4,0.018,5.7,0.05,98,12.3,0.5,3,1,9,20.0
2021-03-01 12:00:00,9.0,5.0,0.5,0.024,6.4,0.21,100,18.7,3.7,3,1,12,20.0
2021-03-01 15:00:00,7.0,5.0,0.4,0.017,6.8,0.19,99,15.8,3.4,3,1,15,20.0
2021-03-01 18:00:00,7.0,6.0,0.4,0.017,3.1,0.05,94,10.1,6.0,3,1,18,20.0
2021-03-01 21:00:00,3.0,3.0,0.4,0.02,1.0,0.10750000000000001,98,4.3,3.6,3,1,21,20.0
2021-03-02 00:00:00,4.0,4.0,0.4,0.013,0.5,0.16500000000000004,98,2.3,1.8,3,2,0,20.0
2021-03-02 03:00:00,3.0,3.0,0.4,0.011,0.3,0.22250000000000003,92,0.1,0.5,3,2,3,38.0
2021-03-12 09:00:00,100.0,64.0,0.9,0.043,9.8,0.28,54,0.0,1.6,3,12,9,20.0
2021-03-12 15:00:00,34.0,24.0,0.5,0.016,12.4,0.56,64,0.0,3.4,3,12,15,20.0
2021-03-12 18:00:00,27.0,20.0,0.5,0.018,12.4,0.25,57,0.0,3.9,3,12,18,20.0
2021-03-16 00:00:00,36.0,20.0,0.5,0.012,10.7,0.21,94,1.7,3.5,3,16,0,20.0
2021-03-16 03:00:00,38.0,24.0,0.5,0.008,9.2,0.16999999999999998,94,1.3,2.4,3,16,3,20.0
2021-03-20 09:00:00,26.0,10.0,0.3,0.018,10.6,0.13,59,0.0,3.8,3,20,9,20.0
2021-03-20 12:00:00,24.0,13.0,0.4,0.03,8.8,0.24,87,3.7,0.5,3,20,12,20.0
2021-03-20 15:00:00,15.0,8.0,0.6,0.034,9.2,0.23,90,1.2,0.8,3,20,15,20.0
2021-03-20 21:00:00,28.0,21.0,0.5,0.016,8.3,0.64,92,0.2,3.2,3,20,21,20.0
2021-03-21 00:00:00,55.0,33.0,0.5,0.009,7.4,1.05,89,0.0,2.5,3,21,0,20.0
2021-03-21 15:00:00,30.0,13.0,0.3,0.007,8.0,1.46,48,0.3,5.4,3,21,15,15.0
2021-03-27 12:00:00,64.0,33.0,0.6,0.035,14.9,0.81,42,0.0,2.7,3,27,12,20.0
2021-03-27 15:00:00,45.0,23.0,0.5,0.028,11.4,0.37,87,4.0,4.2,3,27,15,20.0
2021-03-27 18:00:00,30.0,16.0,0.4,0.023,11.1,0.06,96,9.8,3.9,3,27,18,20.0
2021-03-27 21:00:00,20.0,12.0,0.5,0.025,11.7,0.064,99,5.8,2.4,3,27,21,20.0
2021-03-28 00:00:00,14.0,8.0,0.5,0.025,12.4,0.068,100,5.9,2.2,3,28,0,20.0
2021-03-28 03:00:00,7.0,6.0,0.4,0.008,11.9,0.07200000000000001,97,3.6,5.4,3,28,3,20.0
2021-03-28 06:00:00,16.0,13.0,0.4,0.008,8.3,0.076,98,1.3,3.8,3,28,6,20.0
2021-03-28 09:00:00,8.0,7.0,0.5,0.013,7.8,0.08,98,2.8,3.0,3,28,9,20.0
2021-03-28 12:00:00,20.0,15.0,0.5,0.017,8.4,0.28,100,0.5,2.3,3,28,12,64.0
2021-03-28 15:00:00,26.0,18.0,0.4,0.014,8.8,0.35,95,0.0,3.9,3,28,15,45.0
2021-03-28 21:00:00,38.0,21.0,0.6,0.016,9.3,0.27749999999999997,91,0.0,3.0,3,28,21,20.0
2021-03-29 00:00:00,28.0,15.0,0.6,0.011,8.8,0.205,97,1.0,3.2,3,29,0,14.0
2021-03-29 03:00:00,389.0,83.0,0.9,0.014,8.6,0.1325,97,0.2,3.1,3,29,3,7.0
2021-04-02 19:00:00,64.0,21.0,0.5,0.045,19.9,0.06,34,0.0,2.3,4,2,19,20.0
2021-04-02 20:00:00,59.0,19.0,0.6,0.046,19.4,0.06,35,0.0,2.9,4,2,20,20.0
2021-04-03 08:00:00,52.0,16.0,0.4,0.024,17.3,0.06,60,0.0,2.6,4,3,8,20.0
2021-04-03 09:00:00,52.0,16.0,0.4,0.023,17.5,0.19,62,0.0,1.4,4,3,9,20.0
2021-04-03 10:00:00,60.0,20.0,0.4,0.023,16.8,0.18,79,0.7,1.9,4,3,10,20.0
2021-04-03 11:00:00,44.0,16.0,0.4,0.019,15.8,0.28,89,4.1,2.2,4,3,11,20.0
2021-04-03 12:00:00,28.0,15.0,0.4,0.019,14.9,0.19,94,10.3,2.9,4,3,12,20.0
2021-04-03 13:00:00,20.0,11.0,0.5,0.022,14.8,0.26,94,8.0,2.1,4,3,13,20.0
2021-04-03 14:00:00,19.0,13.0,0.5,0.025,14.5,0.26,96,5.5,3.7,4,3,14,20.0
2021-04-03 15:00:00,12.0,9.0,0.5,0.021,14.4,0.2,96,4.7,3.3,4,3,15,20.0
2021-04-03 16:00:00,9.0,4.0,0.4,0.018,14.4,0.17,98,4.5,3.9,4,3,16,20.0
2021-04-03 17:00:00,5.0,4.0,0.4,0.017,14.3,0.11,98,3.0,3.3,4,3,17,20.0
2021-04-03 18:00:00,8.0,4.0,0.5,0.016,14.2,0.06,98,4.0,2.9,4,3,18,20.0
2021-04-03 19:00:00,5.0,4.0,0.4,0.013,14.0,0.01,97,4.4,3.3,4,3,19,64.0
2021-04-03 20:00:00,3.0,3.0,0.4,0.01,13.5,0.057499999999999996,95,1.1,5.0,4,3,20,59.0
2021-04-03 21:00:00,14.0,9.0,0.4,0.01,12.5,0.10499999999999998,94,0.0,5.4,4,3,21,20.0
2021-04-03 22:00:00,11.0,8.0,0.4,0.008,11.7,0.1525,95,5.3,5.1,4,3,22,20.0
2021-04-03 23:00:00,3.0,2.0,0.4,0.01,11.4,0.19999999999999998,94,0.6,3.7,4,3,23,20.0
2021-04-04 00:00:00,5.0,4.0,0.4,0.008,10.9,0.24749999999999997,92,0.0,3.9,4,4,0,20.0
2021-04-04 01:00:00,3.0,2.0,0.4,0.006,10.5,0.295,96,0.2,3.9,4,4,1,20.0
2021-04-04 02:00:00,4.0,3.0,0.3,0.005,10.3,0.34249999999999997,94,0.0,4.4,4,4,2,20.0
2021-04-04 03:00:00,3.0,2.0,0.3,0.004,10.4,0.38999999999999996,91,0.0,3.9,4,4,3,20.0
2021-04-04 04:00:00,5.0,3.0,0.3,0.006,10.2,0.43749999999999994,92,0.0,3.3,4,4,4,20.0
2021-04-04 05:00:00,3.0,2.0,0.3,0.006,9.7,0.48499999999999993,93,0.3,4.5,4,4,5,20.0
2021-04-04 06:00:00,3.0,1.0,0.3,0.008,9.5,0.5325,91,0.1,3.6,4,4,6,20.0
2021-04-12 10:00:00,42.0,25.0,0.5,0.029,16.1,0.58,46,0.0,2.0,4,12,10,20.0
2021-04-12 11:00:00,31.0,16.0,0.4,0.02,16.9,0.75,41,0.0,2.8,4,12,11,20.0
2021-04-12 12:00:00,29.0,18.0,0.4,0.016,17.6,0.96,39,0.0,3.9,4,12,12,20.0
2021-04-12 13:00:00,31.0,17.0,0.4,0.015,16.6,0.61,48,0.0,3.8,4,12,13,20.0
2021-04-12 14:00:00,29.0,18.0,0.4,0.022,14.3,0.51,58,0.3,4.8,4,12,14,20.0
2021-04-12 15:00:00,27.0,14.0,0.4,0.021,12.9,0.41,79,1.3,3.6,4,12,15,20.0
2021-04-12 16:00:00,22.0,14.0,0.4,0.021,12.2,0.41,92,1.8,3.4,4,12,16,20.0
2021-04-12 17:00:00,17.0,10.0,0.5,0.024,12.0,0.25,94,2.0,4.0,4,12,17,20.0
2021-04-12 18:00:00,20.0,13.0,0.5,0.027,12.0,0.08,95,1.5,3.8,4,12,18,20.0
2021-04-12 19:00:00,19.0,14.0,0.5,0.025,12.0,0.02,97,4.1,2.6,4,12,19,20.0
2021-04-12 20:00:00,16.0,11.0,0.5,0.023,12.1,0.01,98,4.5,2.6,4,12,20,20.0
2021-04-12 21:00:00,11.0,8.0,0.4,0.023,12.2,0.014545454545454545,98,1.6,2.5,4,12,21,20.0
2021-04-12 22:00:00,10.0,8.0,0.4,0.022,12.4,0.01909090909090909,99,1.2,2.6,4,12,22,20.0
2021-04-12 23:00:00,8.0,5.0,0.4,0.022,12.5,0.023636363636363636,98,0.7,1.8,4,12,23,20.0
2021-04-13 00:00:00,4.0,3.0,0.3,0.014,12.6,0.028181818181818183,99,3.0,0.9,4,13,0,20.0
2021-04-13 01:00:00,5.0,4.0,0.3,0.007,12.6,0.03272727272727273,99,2.9,4.8,4,13,1,20.0
2021-04-13 02:00:00,3.0,4.0,0.3,0.008,11.7,0.03727272727272727,98,1.8,3.1,4,13,2,20.0
2021-04-13 03:00:00,3.0,2.0,0.3,0.008,11.2,0.04181818181818182,98,1.8,3.6,4,13,3,20.0
2021-04-13 04:00:00,4.0,3.0,0.3,0.011,10.9,0.046363636363636364,98,1.0,2.6,4,13,4,20.0
2021-04-13 05:00:00,4.0,2.0,0.3,0.014,10.7,0.05090909090909091,98,0.5,3.1,4,13,5,20.0
2021-04-13 06:00:00,7.0,6.0,0.4,0.011,11.0,0.05545454545454546,99,0.0,2.9,4,13,6,20.0
2021-04-13 07:00:00,5.0,4.0,0.4,0.012,11.2,0.06,96,0.0,2.7,4,13,7,20.0
2021-04-16 06:00:00,29.0,14.0,0.4,0.025,11.0,0.0,57,0.0,1.5,4,16,6,20.0
2021-04-16 11:00:00,30.0,16.0,0.4,0.026,11.1,0.18,84,0.0,4.3,4,16,11,20.0
2021-04-16 12:00:00,21.0,10.0,0.4,0.022,10.9,0.19,94,0.7,3.9,4,16,12,20.0
2021-04-16 13:00:00,20.0,12.0,0.4,0.02,11.0,0.26,93,0.0,3.3,4,16,13,20.0
2021-04-16 14:00:00,43.0,18.0,0.4,0.016,11.6,0.54,89,0.0,2.8,4,16,14,20.0
2021-04-17 12:00:00,149.0,23.0,0.3,0.011,11.6,0.81,43,0.0,4.5,4,17,12,21.0
2021-04-17 13:00:00,140.0,21.0,0.3,0.01,10.7,0.82,52,0.0,4.0,4,17,13,20.0
2021-04-17 14:00:00,130.0,21.0,0.3,0.011,13.2,2.3,49,0.0,3.4,4,17,14,43.0
2021-04-17 17:00:00,36.0,9.0,0.4,0.013,10.6,0.58,55,0.0,1.3,4,17,17,20.0
2021-04-23 04:00:00,66.0,35.0,0.5,0.012,17.8,0.3866666666666666,50,0.0,3.9,4,23,4,20.0
2021-04-23 05:00:00,56.0,30.0,0.5,0.018,17.2,0.1933333333333333,53,0.0,2.1,4,23,5,20.0
2021-04-23 06:00:00,50.0,27.0,0.5,0.02,17.4,0.0,51,0.0,1.2,4,23,6,20.0
2021-04-23 07:00:00,50.0,27.0,0.5,0.024,17.1,0.05,58,0.0,3.2,4,23,7,20.0
2021-04-23 08:00:00,47.0,24.0,0.5,0.023,17.6,0.42,58,0.0,2.8,4,23,8,20.0
2021-04-23 13:00:00,28.0,12.0,0.4,0.015,20.6,0.58,33,0.0,4.0,4,23,13,20.0
2021-04-23 14:00:00,28.0,12.0,0.4,0.014,21.7,1.16,33,0.0,3.9,4,23,14,20.0
2021-04-24 15:00:00,24.0,11.0,0.3,0.008,21.7,1.26,37,0.0,3.6,4,24,15,20.0
2021-04-27 08:00:00,25.0,10.0,0.4,0.027,13.7,0.27,62,0.0,1.4,4,27,8,20.0
2021-04-27 18:00:00,31.0,15.0,0.4,0.02,16.5,0.18,52,0.0,4.2,4,27,18,20.0
2021-04-27 19:00:00,26.0,12.0,0.4,0.017,15.8,0.08,58,0.0,4.0,4,27,19,20.0
2021-04-27 21:00:00,25.0,10.0,0.3,0.012,15.4,0.14,72,0.0,3.1,4,27,21,20.0
2021-04-27 22:00:00,24.0,9.0,0.3,0.012,15.3,0.2,72,0.0,3.5,4,27,22,20.0
2021-04-27 23:00:00,27.0,11.0,0.3,0.01,15.0,0.26,76,0.0,3.5,4,27,23,20.0
2021-04-28 00:00:00,35.0,14.0,0.3,0.01,14.4,0.32,88,1.7,3.4,4,28,0,20.0
2021-04-28 01:00:00,24.0,11.0,0.4,0.008,13.7,0.38,94,4.7,4.6,4,28,1,20.0
2021-04-28 02:00:00,38.0,19.0,0.4,0.008,13.4,0.44,95,0.0,2.8,4,28,2,20.0
2021-04-29 10:00:00,70.0,18.0,0.5,0.027,14.7,0.5,51,0.0,4.7,4,29,10,20.0
2021-04-29 11:00:00,72.0,16.0,0.5,0.014,14.9,0.66,49,0.0,2.8,4,29,11,20.0
2021-04-29 12:00:00,78.0,17.0,0.5,0.013,16.1,1.55,42,0.0,3.1,4,29,12,20.0
2021-04-29 13:00:00,79.0,19.0,0.4,0.012,16.9,1.47,43,0.0,2.3,4,29,13,20.0
2021-04-29 23:00:00,49.0,18.0,0.4,0.012,12.6,1.2875,77,0.5,3.4,4,29,23,20.0
2021-04-30 00:00:00,32.0,14.0,0.3,0.011,11.5,1.105,86,3.4,1.4,4,30,0,20.0
2021-04-30 01:00:00,25.0,11.0,0.3,0.01,11.2,0.9225,91,2.5,2.1,4,30,1,20.0
2021-04-30 02:00:00,25.0,14.0,0.3,0.007,10.4,0.74,90,3.6,2.8,4,30,2,20.0
2021-04-30 03:00:00,16.0,9.0,0.4,0.006,9.4,0.5575,89,7.6,4.2,4,30,3,20.0
2021-04-30 04:00:00,8.0,8.0,0.3,0.007,8.7,0.375,89,8.3,2.6,4,30,4,20.0
2021-04-30 05:00:00,7.0,5.0,0.3,0.01,8.8,0.19250000000000012,93,3.5,1.2,4,30,5,20.0
2021-04-30 06:00:00,10.0,5.0,0.3,0.011,8.9,0.01,93,0.5,2.4,4,30,6,20.0
2021-04-30 07:00:00,11.0,6.0,0.4,0.015,8.9,0.05,95,0.3,2.0,4,30,7,20.0
2021-04-30 08:00:00,12.0,7.0,0.4,0.019,9.1,0.18,93,0.0,2.2,4,30,8,20.0
2021-04-30 09:00:00,9.0,5.0,0.4,0.02,9.9,0.46,90,0.0,1.9,4,30,9,20.0
2021-04-30 10:00:00,11.0,4.0,0.4,0.018,11.2,1.35,83,0.0,1.5,4,30,10,70.0
2021-04-30 16:00:00,66.0,27.0,0.5,0.019,13.2,0.55,75,0.0,2.1,4,30,16,20.0
2021-05-01 05:00:00,42.0,23.0,0.5,0.014,9.9,0.28,90,0.0,2.0,5,1,5,7.0
2021-05-01 06:00:00,34.0,19.0,0.4,0.011,9.6,0.01,90,0.2,2.4,5,1,6,10.0
2021-05-01 07:00:00,26.0,12.0,0.4,0.01,9.8,0.11,90,0.0,2.4,5,1,7,11.0
2021-05-01 08:00:00,25.0,12.0,0.4,0.012,10.4,0.39,89,0.1,1.6,5,1,8,12.0
2021-05-01 09:00:00,23.0,10.0,0.4,0.01,11.2,0.96,76,0.0,3.1,5,1,9,9.0
2021-05-01 10:00:00,27.0,12.0,0.4,0.011,11.1,0.73,79,0.0,3.0,5,1,10,11.0
2021-05-01 11:00:00,26.0,10.0,0.4,0.009,12.0,0.91,65,0.0,1.8,5,1,11,20.0
2021-05-01 14:00:00,35.0,15.0,0.4,0.009,11.7,1.47,66,1.4,1.3,5,1,14,20.0
2021-05-01 15:00:00,19.0,10.0,0.4,0.01,9.3,0.21,86,4.5,4.2,5,1,15,20.0
2021-05-01 16:00:00,16.0,9.0,0.4,0.008,10.0,0.85,87,0.8,3.6,5,1,16,66.0
2021-05-01 17:00:00,12.0,7.0,0.4,0.008,10.4,0.61,84,0.3,3.0,5,1,17,20.0
2021-05-01 18:00:00,16.0,12.0,0.5,0.011,9.9,0.42,84,0.0,3.0,5,1,18,20.0
2021-05-01 19:00:00,15.0,9.0,0.4,0.009,9.8,0.17,78,0.0,3.2,5,1,19,20.0
2021-05-01 22:00:00,9.0,5.0,0.4,0.008,8.8,0.15142857142857144,91,0.2,2.7,5,1,22,20.0
2021-05-01 23:00:00,3.0,3.0,0.3,0.008,8.6,0.13285714285714287,92,0.2,2.6,5,1,23,20.0
2021-05-02 00:00:00,3.0,1.0,0.3,0.006,8.5,0.1142857142857143,91,0.3,2.1,5,2,0,20.0
2021-05-02 01:00:00,3.0,2.0,0.3,0.004,7.8,0.09571428571428572,93,0.7,3.8,5,2,1,20.0
2021-05-02 02:00:00,3.0,1.0,0.3,0.004,7.8,0.07714285714285715,96,1.0,3.2,5,2,2,20.0
2021-05-02 03:00:00,3.0,2.0,0.4,0.005,7.8,0.05857142857142858,93,0.0,3.9,5,2,3,20.0
2021-05-04 07:00:00,20.0,12.0,0.5,0.033,12.6,0.04,63,0.0,2.2,5,4,7,20.0
2021-05-04 08:00:00,24.0,13.0,0.5,0.044,12.5,0.09,72,0.2,2.6,5,4,8,20.0
2021-05-04 09:00:00,29.0,15.0,0.5,0.041,12.7,0.15,74,0.0,3.1,5,4,9,20.0
2021-05-04 10:00:00,34.0,14.0,0.6,0.041,12.1,0.13,85,1.3,2.5,5,4,10,20.0
2021-05-04 11:00:00,28.0,13.0,0.6,0.038,12.7,0.33,86,0.0,2.9,5,4,11,20.0
2021-05-04 12:00:00,29.0,14.0,0.6,0.037,13.8,0.57,82,0.0,2.2,5,4,12,20.0
2021-05-04 13:00:00,32.0,17.0,0.6,0.039,15.2,0.87,77,0.0,2.7,5,4,13,20.0
2021-05-04 14:00:00,38.0,20.0,0.6,0.042,15.3,0.45,77,0.0,2.6,5,4,14,20.0
2021-05-04 15:00:00,39.0,20.0,0.7,0.044,14.8,0.21,88,3.1,1.6,5,4,15,20.0
2021-05-04 16:00:00,42.0,20.0,0.7,0.045,14.6,0.23,92,2.7,2.1,5,4,16,20.0
2021-05-04 17:00:00,40.0,21.0,0.7,0.046,15.3,0.35,95,0.6,1.6,5,4,17,20.0
2021-05-04 18:00:00,42.0,26.0,0.9,0.049,15.5,0.19,95,0.1,1.2,5,4,18,20.0
2021-05-04 19:00:00,46.0,27.0,0.9,0.052,15.7,0.05,94,0.3,1.3,5,4,19,20.0
2021-05-04 20:00:00,43.0,28.0,0.8,0.049,15.8,0.01,97,1.5,1.3,5,4,20,20.0
2021-05-04 21:00:00,37.0,23.0,0.7,0.041,15.8,0.016666666666666666,98,3.1,0.9,5,4,21,20.0
2021-05-04 22:00:00,11.0,6.0,0.4,0.012,14.7,0.023333333333333334,98,3.2,4.2,5,4,22,20.0
2021-05-04 23:00:00,5.0,3.0,0.4,0.009,14.3,0.03,100,2.5,3.6,5,4,23,20.0
2021-05-05 00:00:00,20.0,6.0,0.3,0.008,13.9,0.03666666666666667,97,1.0,2.8,5,5,0,20.0
2021-05-05 01:00:00,38.0,13.0,0.3,0.006,13.6,0.043333333333333335,91,0.1,1.9,5,5,1,20.0
2021-05-07 10:00:00,72.0,22.0,0.5,0.022,15.0,0.05,93,8.5,3.3,5,7,10,20.0
2021-05-07 11:00:00,140.0,26.0,0.5,0.016,14.1,0.47,81,0.3,4.9,5,7,11,20.0
2021-05-10 06:00:00,27.0,8.0,0.4,0.032,12.7,0.01,63,0.0,1.0,5,10,6,20.0
2021-05-10 07:00:00,28.0,10.0,0.5,0.042,12.8,0.05,66,0.0,3.0,5,10,7,20.0
2021-05-10 08:00:00,30.0,13.0,0.5,0.045,12.9,0.12,66,0.0,1.8,5,10,8,20.0
2021-05-10 11:00:00,18.0,7.0,0.5,0.036,14.2,0.48,69,0.0,1.9,5,10,11,20.0
2021-05-10 12:00:00,17.0,9.0,0.5,0.042,14.1,0.4,67,0.0,2.2,5,10,12,20.0
2021-05-15 03:00:00,104.0,63.0,0.7,0.036,21.2,0.30000000000000004,69,0.0,1.7,5,15,3,20.0
2021-05-15 04:00:00,109.0,70.0,0.7,0.038,21.0,0.2,71,0.0,1.0,5,15,4,20.0
2021-05-15 05:00:00,108.0,69.0,0.8,0.036,20.9,0.09999999999999998,73,0.0,0.9,5,15,5,20.0
2021-05-15 06:00:00,119.0,70.0,0.8,0.038,20.9,0.0,74,0.0,0.5,5,15,6,20.0
2021-05-15 13:00:00,34.0,20.0,0.4,0.014,25.0,1.02,61,0.0,2.9,5,15,13,20.0
2021-05-15 14:00:00,29.0,19.0,0.4,0.018,22.1,0.34,82,5.7,0.9,5,15,14,20.0
2021-05-15 15:00:00,25.0,16.0,0.4,0.017,22.0,0.52,85,0.4,1.1,5,15,15,20.0
2021-05-15 16:00:00,22.0,14.0,0.4,0.015,21.8,0.26,90,2.2,1.8,5,15,16,20.0
2021-05-15 17:00:00,15.0,10.0,0.4,0.011,21.1,0.19,91,0.7,2.4,5,15,17,20.0
2021-05-15 18:00:00,14.0,10.0,0.4,0.013,20.9,0.09,93,1.0,1.9,5,15,18,20.0
2021-05-15 19:00:00,14.0,8.0,0.4,0.012,20.9,0.05,93,0.3,2.3,5,15,19,20.0
2021-05-15 20:00:00,15.0,10.0,0.4,0.015,20.9,0.01,94,0.7,2.2,5,15,20,20.0
2021-05-15 21:00:00,19.0,12.0,0.4,0.015,20.8,0.009000000000000001,95,0.7,1.7,5,15,21,20.0
2021-05-15 22:00:00,18.0,10.0,0.4,0.014,20.8,0.008,95,1.9,1.5,5,15,22,20.0
2021-05-15 23:00:00,16.0,10.0,0.4,0.014,20.8,0.007,96,0.6,1.2,5,15,23,20.0
2021-05-16 00:00:00,11.0,8.0,0.4,0.01,20.8,0.006,96,0.8,1.3,5,16,0,20.0
2021-05-16 01:00:00,9.0,5.0,0.4,0.008,20.7,0.005,96,0.8,2.2,5,16,1,20.0
2021-05-16 02:00:00,10.0,5.0,0.4,0.007,20.6,0.004,97,0.2,2.1,5,16,2,20.0
2021-05-16 03:00:00,7.0,5.0,0.3,0.005,20.5,0.003,99,1.9,2.9,5,16,3,104.0
2021-05-16 04:00:00,7.0,4.0,0.3,0.005,20.5,0.002,98,1.0,2.5,5,16,4,109.0
2021-05-16 05:00:00,5.0,4.0,0.3,0.005,20.5,0.0009999999999999992,97,3.3,1.5,5,16,5,108.0
2021-05-16 06:00:00,6.0,5.0,0.4,0.009,20.6,0.0,98,1.1,1.6,5,16,6,119.0
2021-05-16 07:00:00,6.0,4.0,0.3,0.012,20.7,0.04,99,2.2,1.0,5,16,7,20.0
2021-05-16 08:00:00,7.0,5.0,0.3,0.011,20.4,0.09,97,2.6,3.3,5,16,8,20.0
2021-05-16 09:00:00,4.0,4.0,0.3,0.013,19.7,0.18,98,5.0,2.6,5,16,9,20.0
2021-05-16 10:00:00,5.0,6.0,0.3,0.014,19.5,0.24,98,2.7,2.2,5,16,10,20.0
2021-05-16 11:00:00,7.0,3.0,0.4,0.015,19.7,0.41,97,2.5,1.8,5,16,11,20.0
2021-05-16 12:00:00,7.0,3.0,0.3,0.009,20.0,0.37,97,3.7,0.3,5,16,12,20.0
2021-05-16 13:00:00,4.0,2.0,0.3,0.006,19.4,0.39,96,3.5,2.7,5,16,13,34.0
2021-05-16 14:00:00,3.0,1.0,0.3,0.006,19.1,0.53,95,0.8,2.9,5,16,14,29.0
2021-05-16 15:00:00,3.0,2.0,0.3,0.006,18.5,0.38,97,1.4,3.1,5,16,15,25.0
2021-05-16 16:00:00,4.0,7.0,0.3,0.007,17.7,0.17,97,4.8,3.6,5,16,16,22.0
2021-05-16 17:00:00,5.0,2.0,0.3,0.008,17.4,0.12,98,4.3,3.5,5,16,17,15.0
2021-05-16 18:00:00,5.0,3.0,0.3,0.008,17.0,0.09,98,3.5,2.8,5,16,18,14.0
2021-05-16 19:00:00,6.0,2.0,0.3,0.011,16.5,0.04,99,7.2,2.9,5,16,19,14.0
2021-05-16 20:00:00,8.0,3.0,0.3,0.01,16.1,0.0,99,10.7,3.7,5,16,20,15.0
2021-05-16 21:00:00,15.0,2.0,0.3,0.011,15.9,0.0011111111111111111,98,2.0,2.6,5,16,21,19.0
2021-05-16 22:00:00,18.0,3.0,0.3,0.01,15.5,0.0022222222222222222,97,1.5,2.6,5,16,22,18.0
2021-05-16 23:00:00,22.0,3.0,0.3,0.01,15.2,0.003333333333333333,96,0.0,2.0,5,16,23,16.0
2021-05-17 00:00:00,23.0,2.0,0.3,0.008,14.8,0.0044444444444444444,96,0.2,3.0,5,17,0,11.0
2021-05-17 01:00:00,29.0,1.0,0.3,0.007,14.6,0.005555555555555556,95,0.0,2.6,5,17,1,9.0
2021-05-17 03:00:00,18.0,3.0,0.3,0.007,14.5,0.006666666666666666,93,0.0,1.3,5,17,3,7.0
2021-05-17 04:00:00,16.0,5.0,0.3,0.007,14.4,0.0077777777777777776,93,0.0,2.4,5,17,4,7.0
2021-05-17 05:00:00,10.0,3.0,0.3,0.008,14.2,0.008888888888888889,95,0.2,1.9,5,17,5,5.0
2021-05-17 06:00:00,9.0,3.0,0.3,0.013,14.3,0.01,95,0.0,1.1,5,17,6,6.0
2021-05-17 07:00:00,8.0,4.0,0.3,0.016,14.3,0.08,96,0.1,1.4,5,17,7,6.0
2021-05-17 08:00:00,12.0,4.0,0.4,0.018,14.4,0.31,95,0.0,2.4,5,17,8,7.0
2021-05-17 09:00:00,9.0,4.0,0.4,0.017,14.9,0.47,94,0.0,2.5,5,17,9,4.0
2021-05-17 10:00:00,11.0,3.0,0.4,0.017,15.4,0.58,92,0.0,2.4,5,17,10,5.0
2021-05-17 11:00:00,11.0,5.0,0.4,0.019,15.8,0.6,92,0.1,1.5,5,17,11,7.0
2021-05-17 12:00:00,8.0,5.0,0.4,0.019,16.0,0.58,93,1.3,1.0,5,17,12,7.0
2021-05-17 13:00:00,8.0,5.0,0.4,0.019,16.2,0.52,92,0.8,2.1,5,17,13,4.0
2021-05-17 14:00:00,15.0,6.0,0.4,0.02,15.9,0.22,93,0.0,1.1,5,17,14,3.0
2021-05-17 15:00:00,12.0,4.0,0.4,0.018,15.9,0.36,93,0.3,1.2,5,17,15,3.0
2021-05-17 16:00:00,12.0,6.0,0.4,0.019,15.9,0.37,94,0.3,0.9,5,17,16,4.0
2021-05-17 17:00:00,10.0,4.0,0.4,0.016,15.9,0.21,92,0.0,1.5,5,17,17,5.0
2021-05-20 08:00:00,35.0,18.0,0.6,0.05,17.2,0.09,60,0.0,3.4,5,20,8,20.0
2021-05-20 09:00:00,34.0,15.0,0.5,0.04,18.3,0.12,53,0.0,2.5,5,20,9,20.0
2021-05-20 10:00:00,30.0,12.0,0.5,0.037,19.8,0.48,51,0.0,2.9,5,20,10,20.0
2021-05-20 11:00:00,25.0,10.0,0.4,0.024,21.1,0.95,54,0.0,3.1,5,20,11,20.0
2021-05-20 12:00:00,21.0,9.0,0.4,0.027,22.3,1.19,49,0.0,1.7,5,20,12,20.0
2021-05-20 14:00:00,20.0,11.0,0.4,0.017,22.7,0.81,45,0.0,3.2,5,20,14,20.0
2021-05-20 17:00:00,26.0,10.0,0.3,0.011,20.4,0.39,57,0.0,3.4,5,20,17,20.0
2021-05-20 18:00:00,17.0,7.0,0.3,0.011,19.9,0.18,56,0.0,3.8,5,20,18,20.0
2021-05-20 19:00:00,18.0,7.0,0.3,0.009,20.0,0.11,56,0.0,3.2,5,20,19,20.0
2021-05-20 20:00:00,19.0,11.0,0.3,0.01,19.1,0.02,63,0.1,2.4,5,20,20,20.0
2021-05-20 21:00:00,16.0,8.0,0.3,0.014,17.3,0.018000000000000002,74,0.3,2.6,5,20,21,20.0
2021-05-20 22:00:00,11.0,5.0,0.3,0.009,16.9,0.016,77,0.0,1.4,5,20,22,20.0
2021-05-20 23:00:00,14.0,8.0,0.3,0.009,16.1,0.014,83,0.2,1.6,5,20,23,20.0
2021-05-21 00:00:00,13.0,6.0,0.3,0.007,15.6,0.012,89,0.3,2.6,5,21,0,20.0
2021-05-21 01:00:00,12.0,7.0,0.3,0.007,15.2,0.01,90,0.1,2.8,5,21,1,20.0
2021-05-21 02:00:00,19.0,7.0,0.3,0.006,14.8,0.008,93,1.5,1.5,5,21,2,20.0
2021-05-21 03:00:00,8.0,5.0,0.3,0.005,14.7,0.006,93,0.9,2.1,5,21,3,20.0
2021-05-21 04:00:00,8.0,6.0,0.3,0.005,14.7,0.004,93,0.9,0.7,5,21,4,20.0
2021-05-21 05:00:00,8.0,5.0,0.3,0.008,14.6,0.0019999999999999983,93,0.6,0.6,5,21,5,20.0
2021-05-21 06:00:00,8.0,6.0,0.3,0.011,14.5,0.0,93,0.2,1.7,5,21,6,20.0
2021-05-21 07:00:00,8.0,5.0,0.3,0.009,14.3,0.07,94,0.5,1.2,5,21,7,20.0
2021-05-21 08:00:00,9.0,5.0,0.3,0.01,14.6,0.2,92,0.0,1.4,5,21,8,35.0
2021-05-21 09:00:00,7.0,2.0,0.3,0.011,14.9,0.47,90,0.2,0.8,5,21,9,34.0
2021-05-21 10:00:00,8.0,3.0,0.4,0.014,15.3,0.68,89,0.0,2.6,5,21,10,30.0
2021-05-21 11:00:00,11.0,4.0,0.4,0.01,15.7,0.87,89,0.0,3.0,5,21,11,25.0
2021-05-21 12:00:00,12.0,5.0,0.4,0.011,16.3,0.99,88,0.0,2.2,5,21,12,21.0
2021-05-21 13:00:00,14.0,4.0,0.3,0.008,16.9,0.91,83,0.0,1.6,5,21,13,20.0
2021-05-21 14:00:00,16.0,7.0,0.4,0.016,17.7,0.98,80,0.0,2.0,5,21,14,20.0
2021-05-21 15:00:00,16.0,9.0,0.4,0.024,16.9,0.26,87,2.0,1.4,5,21,15,20.0
2021-05-21 16:00:00,22.0,8.0,0.6,0.034,17.2,0.52,88,0.0,0.9,5,21,16,20.0
2021-05-22 00:00:00,21.0,12.0,0.5,0.027,16.0,0.43333333333333335,84,0.0,1.3,5,22,0,13.0
2021-05-22 01:00:00,24.0,12.0,0.5,0.031,15.9,0.3466666666666667,85,0.0,1.4,5,22,1,12.0
2021-05-22 02:00:00,30.0,17.0,0.5,0.025,15.5,0.26,87,0.2,2.1,5,22,2,19.0
2021-05-22 03:00:00,32.0,16.0,0.4,0.021,14.9,0.17333333333333334,89,0.0,1.8,5,22,3,8.0
2021-05-25 05:00:00,217.0,34.0,0.5,0.013,15.1,0.08666666666666667,81,0.0,3.9,5,25,5,20.0
2021-05-25 06:00:00,142.0,33.0,0.3,0.013,14.5,0.0,92,1.3,4.9,5,25,6,20.0
2021-05-25 07:00:00,77.0,20.0,0.4,0.018,13.0,0.02,90,4.6,2.3,5,25,7,20.0
2021-05-25 08:00:00,94.0,22.0,0.4,0.018,12.6,0.05,91,0.5,2.8,5,25,8,20.0
2021-05-25 09:00:00,79.0,19.0,0.4,0.015,11.9,0.14,94,1.8,3.9,5,25,9,20.0
2021-05-25 10:00:00,98.0,18.0,0.4,0.017,13.4,1.21,87,0.1,4.1,5,25,10,20.0
2021-05-26 18:00:00,48.0,20.0,0.4,0.018,20.7,0.12,51,0.0,3.2,5,26,18,20.0
2021-05-26 19:00:00,43.0,16.0,0.4,0.016,20.6,0.18,52,0.0,3.5,5,26,19,20.0
2021-05-27 07:00:00,40.0,17.0,0.4,0.022,15.3,0.03,84,2.2,2.1,5,27,7,20.0
2021-05-27 08:00:00,35.0,15.0,0.4,0.024,14.7,0.07,93,5.1,1.7,5,27,8,20.0
2021-05-27 09:00:00,21.0,10.0,0.4,0.024,14.5,0.1,96,0.6,3.2,5,27,9,20.0
2021-05-27 10:00:00,16.0,8.0,0.4,0.021,15.0,0.17,96,0.6,3.7,5,27,10,20.0
2021-05-27 11:00:00,16.0,8.0,0.4,0.022,15.3,0.19,97,0.4,3.2,5,27,11,20.0
2021-05-27 12:00:00,33.0,15.0,0.5,0.019,15.5,0.25,97,0.0,4.8,5,27,12,20.0
2021-05-27 13:00:00,52.0,21.0,0.5,0.017,15.6,0.38,91,0.0,3.8,5,27,13,20.0
2021-05-28 03:00:00,80.0,34.0,0.7,0.016,13.2,0.28500000000000003,93,0.0,2.2,5,28,3,20.0
2021-05-28 04:00:00,79.0,34.0,0.7,0.016,13.5,0.19,94,0.1,2.0,5,28,4,20.0
2021-05-28 05:00:00,71.0,31.0,0.7,0.018,13.3,0.09499999999999997,92,1.4,1.2,5,28,5,20.0
2021-05-28 06:00:00,55.0,26.0,0.6,0.021,13.1,0.0,98,4.5,2.4,5,28,6,20.0
2021-05-28 07:00:00,38.0,19.0,0.6,0.022,12.8,0.05,97,2.4,3.5,5,28,7,40.0
2021-05-28 08:00:00,24.0,15.0,0.5,0.019,12.7,0.05,98,2.1,3.3,5,28,8,35.0
2021-05-28 09:00:00,15.0,9.0,0.5,0.024,12.5,0.14,96,1.3,2.5,5,28,9,21.0
2021-05-28 10:00:00,16.0,10.0,0.5,0.027,12.6,0.24,96,0.5,2.8,5,28,10,16.0
2021-05-28 11:00:00,14.0,7.0,0.4,0.021,12.8,0.26,94,0.0,3.4,5,28,11,16.0
2021-05-29 12:00:00,24.0,13.0,0.4,0.013,18.4,0.52,66,0.0,1.7,5,29,12,20.0
2021-05-29 13:00:00,21.0,9.0,0.4,0.012,18.3,0.67,63,0.0,1.9,5,29,13,20.0
2021-05-29 14:00:00,23.0,12.0,0.4,0.011,17.6,0.55,62,0.0,3.4,5,29,14,20.0
2021-05-29 15:00:00,21.0,10.0,0.3,0.011,16.7,0.43,70,0.2,2.6,5,29,15,20.0
2021-05-29 16:00:00,19.0,12.0,0.4,0.011,16.0,0.52,76,0.0,2.0,5,29,16,20.0
2021-05-29 17:00:00,19.0,12.0,0.4,0.013,15.8,0.39,76,0.1,0.8,5,29,17,20.0
2021-05-29 18:00:00,17.0,10.0,0.4,0.014,15.3,0.07,83,0.0,1.7,5,29,18,20.0
2021-05-29 19:00:00,19.0,12.0,0.5,0.017,14.8,0.03,82,0.0,2.2,5,29,19,20.0
2021-05-29 20:00:00,21.0,11.0,0.5,0.018,14.6,0.01,81,0.0,2.1,5,29,20,20.0
2021-05-30 20:00:00,44.0,21.0,0.5,0.017,19.0,0.01,84,2.1,3.0,5,30,20,21.0
2021-05-30 21:00:00,36.0,19.0,0.6,0.02,18.7,0.01,85,0.4,2.0,5,30,21,20.0
2021-05-30 22:00:00,42.0,24.0,0.5,0.023,18.7,0.01,86,0.0,1.6,5,30,22,20.0
2021-05-30 23:00:00,37.0,20.0,0.5,0.018,17.8,0.01,95,6.8,2.5,5,30,23,20.0
2021-05-31 00:00:00,28.0,14.0,0.5,0.015,17.5,0.01,96,8.8,1.0,5,31,0,20.0
2021-05-31 01:00:00,23.0,13.0,0.4,0.011,17.5,0.01,97,3.1,2.6,5,31,1,20.0
2021-05-31 02:00:00,20.0,12.0,0.4,0.008,17.2,0.01,95,0.9,1.8,5,31,2,20.0
2021-05-31 03:00:00,17.0,10.0,0.4,0.007,16.8,0.01,92,0.0,2.3,5,31,3,20.0
2021-05-31 04:00:00,19.0,13.0,0.4,0.01,16.6,0.01,91,0.0,1.9,5,31,4,20.0
2021-06-01 05:00:00,43.0,22.0,0.4,0.015,19.0,0.01,87,0.3,2.5,6,1,5,20.0
2021-06-01 06:00:00,38.0,21.0,0.4,0.013,17.7,0.01,78,0.6,3.7,6,1,6,20.0
2021-06-01 07:00:00,23.0,12.0,0.4,0.018,16.8,0.05,76,0.0,2.3,6,1,7,20.0
2021-06-01 08:00:00,24.0,13.0,0.4,0.019,16.1,0.09,90,1.3,1.8,6,1,8,20.0
2021-06-01 09:00:00,18.0,8.0,0.4,0.023,16.7,0.78,86,1.0,3.7,6,1,9,20.0
2021-06-01 16:00:00,45.0,27.0,0.4,0.022,22.5,0.57,66,0.0,2.0,6,1,16,20.0
2021-06-01 17:00:00,38.0,22.0,0.4,0.016,22.9,0.91,61,0.0,2.8,6,1,17,20.0
2021-06-03 11:00:00,39.0,22.25,0.42500000000000004,0.018250000000000002,22.5,0.51,61,0.0,2.9,6,3,11,20.0
2021-06-03 12:00:00,40.0,22.5,0.45,0.0205,22.6,0.53,62,0.0,1.7,6,3,12,20.0
2021-06-03 13:00:00,41.0,22.75,0.475,0.02275,21.3,0.29,75,0.5,2.0,6,3,13,20.0
2021-06-03 14:00:00,42.0,23.0,0.5,0.025,20.1,0.36,84,0.5,1.9,6,3,14,20.0
2021-06-03 15:00:00,29.0,19.0,0.4,0.026,19.7,0.3,87,1.7,1.1,6,3,15,20.0
2021-06-03 16:00:00,28.0,18.0,0.5,0.026,18.8,0.13,94,1.8,1.7,6,3,16,20.0
2021-06-03 17:00:00,20.0,15.0,0.5,0.03,18.7,0.16,93,3.3,0.8,6,3,17,20.0
2021-06-03 18:00:00,30.0,19.0,0.6,0.033,18.6,0.12,94,1.2,1.7,6,3,18,20.0
2021-06-03 19:00:00,31.0,19.0,0.6,0.032,18.6,0.07,95,1.2,1.2,6,3,19,20.0
2021-06-03 20:00:00,24.0,18.0,0.5,0.023,18.4,0.02,95,1.5,2.2,6,3,20,20.0
2021-06-03 21:00:00,14.0,7.0,0.3,0.008,15.5,0.12200000000000001,80,4.8,6.7,6,3,21,20.0
2021-06-03 22:00:00,14.0,2.0,0.3,0.01,14.9,0.224,85,0.3,2.2,6,3,22,20.0
2021-06-03 23:00:00,16.0,5.0,0.3,0.014,14.9,0.32600000000000007,84,0.8,1.0,6,3,23,20.0
2021-06-04 00:00:00,18.0,7.0,0.3,0.012,14.7,0.42800000000000005,91,0.5,2.2,6,4,0,20.0
2021-06-07 09:00:00,35.0,16.0,0.5,0.019,21.0,0.53,73,0.0,2.0,6,7,9,20.0
2021-06-07 10:00:00,37.0,19.0,0.5,0.026,21.1,0.43,70,0.0,2.6,6,7,10,20.0
2021-06-07 11:00:00,36.0,16.0,0.5,0.027,21.6,0.6,68,0.0,2.2,6,7,11,20.0
2021-06-07 13:00:00,39.0,18.0,0.6,0.035,21.4,0.38,65,0.0,2.1,6,7,13,20.0
2021-06-07 14:00:00,39.0,17.0,0.6,0.036,21.3,0.33,68,0.0,1.4,6,7,14,20.0
2021-06-07 15:00:00,38.0,17.0,0.6,0.036,22.1,0.78,64,0.0,1.6,6,7,15,20.0
2021-06-07 16:00:00,39.0,17.0,0.7,0.042,22.8,0.79,63,0.0,1.0,6,7,16,20.0
2021-06-08 05:00:00,37.0,21.0,0.5,0.024,19.0,0.42000000000000004,85,0.1,1.4,6,8,5,20.0
2021-06-08 06:00:00,34.0,22.0,0.5,0.026,18.8,0.05,84,0.0,1.3,6,8,6,20.0
2021-06-10 18:00:00,74.0,44.0,0.6,0.031,26.7,0.23,62,0.0,1.8,6,10,18,20.0
2021-06-10 19:00:00,70.0,45.0,0.6,0.036,25.1,0.07,73,0.0,1.3,6,10,19,20.0
2021-06-10 20:00:00,69.0,47.0,0.6,0.037,24.0,0.01,79,0.5,2.5,6,10,20,20.0
2021-06-10 21:00:00,56.0,38.0,0.5,0.026,23.7,0.01,82,0.0,1.9,6,10,21,20.0
2021-06-10 22:00:00,36.0,25.0,0.4,0.018,23.1,0.01,69,0.2,2.6,6,10,22,20.0
2021-06-10 23:00:00,39.0,27.0,0.4,0.013,22.2,0.01,80,0.6,3.0,6,10,23,20.0
2021-06-11 00:00:00,32.0,24.0,0.4,0.012,20.5,0.01,90,4.8,2.2,6,11,0,20.0
2021-06-11 01:00:00,27.0,21.0,0.3,0.007,20.0,0.01,92,1.5,2.9,6,11,1,20.0
2021-06-11 02:00:00,28.0,20.0,0.3,0.006,20.3,0.01,88,0.3,4.4,6,11,2,20.0
2021-06-11 03:00:00,23.0,16.0,0.3,0.006,20.1,0.01,95,2.0,2.5,6,11,3,20.0
2021-06-11 04:00:00,16.0,12.0,0.3,0.006,20.2,0.01,96,0.8,3.7,6,11,4,20.0
2021-06-11 05:00:00,13.0,7.0,0.4,0.008,20.6,0.01,94,0.0,4.7,6,11,5,20.0
2021-06-15 03:00:00,32.0,24.0,0.5,0.015,22.5,0.01,75,0.1,1.7,6,15,3,20.0
2021-06-15 04:00:00,47.0,33.0,0.5,0.016,21.9,0.01,81,0.2,1.2,6,15,4,20.0
2021-06-15 05:00:00,53.0,33.0,0.6,0.016,21.7,0.01,83,0.0,1.4,6,15,5,20.0
2021-06-15 06:00:00,50.0,30.0,0.5,0.019,21.5,0.01,86,0.0,1.2,6,15,6,20.0
2021-06-15 08:00:00,28.0,20.0,0.5,0.022,21.9,0.12,87,0.0,2.6,6,15,8,20.0
2021-06-15 09:00:00,28.0,20.0,0.5,0.027,22.0,0.29,89,0.2,1.9,6,15,9,20.0
2021-06-15 10:00:00,27.0,18.0,0.4,0.022,22.0,0.19,91,0.2,2.0,6,15,10,20.0
2021-06-15 11:00:00,16.0,11.0,0.4,0.015,21.8,0.44,91,0.8,3.6,6,15,11,20.0
2021-06-15 12:00:00,14.0,9.0,0.4,0.016,21.5,0.49,87,0.4,2.7,6,15,12,20.0
2021-06-15 13:00:00,13.0,8.0,0.4,0.013,22.0,0.66,85,0.0,3.1,6,15,13,20.0
2021-06-15 14:00:00,17.0,11.0,0.4,0.014,22.5,0.59,83,0.0,2.2,6,15,14,20.0
2021-06-17 16:00:00,20.0,12.0,0.4,0.023,24.0,0.47,67,0.0,1.8,6,17,16,20.0
2021-06-17 17:00:00,21.0,12.0,0.4,0.026,23.4,0.42,71,0.0,2.5,6,17,17,20.0
2021-06-17 18:00:00,21.0,15.0,0.4,0.021,23.0,0.19,72,0.0,2.7,6,17,18,20.0
2021-06-17 22:00:00,27.0,20.0,0.4,0.021,21.5,0.1675,84,0.0,2.3,6,17,22,20.0
2021-06-17 23:00:00,30.0,21.0,0.4,0.02,21.2,0.14500000000000002,85,0.0,2.0,6,17,23,20.0
2021-06-18 00:00:00,32.0,23.0,0.4,0.016,21.0,0.1225,85,0.0,2.2,6,18,0,20.0
2021-06-18 02:00:00,32.0,24.0,0.3,0.01,20.3,0.1,87,0.0,2.4,6,18,2,20.0
2021-06-18 03:00:00,28.0,20.0,0.3,0.01,19.8,0.07750000000000001,91,0.1,1.8,6,18,3,20.0
2021-06-18 04:00:00,22.0,15.0,0.3,0.009,19.6,0.05499999999999999,92,0.2,2.0,6,18,4,20.0
2021-06-18 05:00:00,10.0,8.0,0.3,0.01,19.3,0.0325,97,0.8,3.5,6,18,5,20.0
2021-06-18 06:00:00,4.0,6.0,0.3,0.015,19.1,0.01,98,1.0,3.2,6,18,6,20.0
2021-06-18 07:00:00,5.0,3.0,0.3,0.017,19.0,0.05,96,1.5,2.3,6,18,7,20.0
2021-06-18 08:00:00,7.0,8.0,0.4,0.019,19.1,0.16,97,0.8,2.3,6,18,8,20.0
2021-06-18 09:00:00,9.0,6.0,0.4,0.019,19.4,0.17,98,0.8,2.4,6,18,9,20.0
2021-06-18 10:00:00,10.0,3.0,0.4,0.016,19.7,0.28,97,0.4,2.3,6,18,10,20.0
2021-06-18 11:00:00,7.0,4.0,0.4,0.016,20.0,0.33,98,0.4,2.4,6,18,11,20.0
2021-06-18 12:00:00,6.0,7.0,0.4,0.015,20.3,0.4,96,0.3,3.0,6,18,12,20.0
2021-06-18 13:00:00,14.0,10.0,0.4,0.017,20.0,0.41,95,0.0,3.0,6,18,13,20.0
2021-06-19 00:00:00,39.0,23.0,0.5,0.009,19.2,0.4725,92,0.0,2.0,6,19,0,32.0
2021-06-22 03:00:00,10.0,7.0,0.3,0.008,20.9,0.535,74,0.0,1.1,6,22,3,20.0
2021-06-22 04:00:00,13.0,8.0,0.3,0.009,20.5,0.5975,76,0.0,2.0,6,22,4,20.0
2021-06-22 15:00:00,17.0,9.0,0.4,0.018,23.2,0.66,66,0.0,1.4,6,22,15,20.0
2021-06-22 19:00:00,35.0,22.0,0.5,0.017,24.1,0.13,58,0.0,2.0,6,22,19,20.0
2021-06-22 21:00:00,16.0,12.0,0.4,0.015,22.1,0.41,73,0.0,1.4,6,22,21,20.0
2021-06-23 16:00:00,33.0,21.0,0.5,0.022,22.7,0.69,72,7.4,2.5,6,23,16,20.0
2021-06-23 17:00:00,19.0,13.0,0.5,0.02,22.6,0.52,73,0.1,2.6,6,23,17,20.0
2021-06-26 02:00:00,24.0,15.0,0.3,0.012,22.2,0.41600000000000004,82,0.0,1.3,6,26,2,20.0
2021-06-26 03:00:00,26.0,16.0,0.4,0.015,22.1,0.312,85,0.1,0.9,6,26,3,20.0
2021-06-26 04:00:00,26.0,19.0,0.3,0.009,21.5,0.20799999999999996,90,1.3,2.4,6,26,4,20.0
2021-06-26 05:00:00,17.0,13.0,0.3,0.007,20.5,0.10399999999999998,88,2.2,2.5,6,26,5,20.0
2021-06-26 06:00:00,13.0,10.0,0.3,0.012,20.0,0.0,87,0.7,0.5,6,26,6,20.0
2021-06-26 07:00:00,16.0,12.0,0.4,0.02,19.9,0.08,88,0.1,0.8,6,26,7,20.0
2021-06-26 08:00:00,20.0,12.0,0.4,0.021,20.4,0.26,91,0.0,1.0,6,26,8,20.0
2021-06-26 09:00:00,18.0,13.0,0.4,0.018,21.2,0.61,88,0.0,1.8,6,26,9,20.0
2021-06-26 10:00:00,20.0,11.0,0.4,0.015,21.9,0.67,84,0.0,1.4,6,26,10,20.0
2021-06-26 11:00:00,18.0,13.0,0.4,0.015,22.6,1.04,81,0.0,1.8,6,26,11,20.0
2021-06-26 12:00:00,16.0,12.0,0.4,0.013,23.2,0.88,79,0.0,1.2,6,26,12,20.0
2021-06-26 13:00:00,14.0,11.0,0.4,0.009,23.8,1.47,76,0.0,2.3,6,26,13,20.0
2021-06-26 14:00:00,16.0,15.0,0.4,0.009,24.9,1.81,70,0.1,1.7,6,26,14,20.0
2021-06-27 19:00:00,26.0,19.0,0.4,0.013,22.3,0.11,86,30.2,4.8,6,27,19,20.0
2021-06-27 20:00:00,17.0,13.0,0.4,0.011,22.2,0.02,88,8.0,2.7,6,27,20,20.0
2021-06-27 21:00:00,16.0,13.0,0.5,0.016,22.4,0.09333333333333334,85,0.0,0.4,6,27,21,20.0
2021-06-27 22:00:00,21.0,16.0,0.5,0.02,22.2,0.16666666666666666,90,0.0,1.5,6,27,22,20.0
2021-06-28 08:00:00,19.0,15.0,0.4,0.016,21.4,0.24,85,0.0,2.4,6,28,8,20.0
2021-06-28 16:00:00,19.0,14.0,0.4,0.02,26.0,0.37,66,0.0,1.6,6,28,16,20.0
2021-06-28 17:00:00,20.0,15.0,0.6,0.031,25.3,0.34,75,0.0,1.8,6,28,17,20.0
2021-06-28 19:00:00,24.0,19.0,0.5,0.031,25.0,0.25,78,0.1,0.4,6,28,19,26.0
2021-06-29 14:00:00,27.0,20.0,0.5,0.025,25.7,0.86,70,0.0,1.0,6,29,14,20.0
2021-06-29 17:00:00,41.0,31.0,0.6,0.024,24.1,0.28,84,7.5,2.8,6,29,17,20.0
2021-06-29 18:00:00,28.0,23.0,0.6,0.021,24.0,0.57,83,0.5,1.5,6,29,18,20.0
2021-06-30 12:00:00,28.0,20.0,0.4,0.019,24.7,1.02,71,0.0,3.6,6,30,12,20.0
2021-06-30 13:00:00,14.0,9.0,0.5,0.021,22.7,0.37,86,6.0,0.9,6,30,13,20.0
2021-06-30 14:00:00,21.0,15.0,0.5,0.02,25.4,2.43,77,0.0,0.7,6,30,14,27.0
2021-07-03 15:00:00,14.0,9.0,0.3,0.012,25.2,0.49,70,0.0,3.4,7,3,15,20.0
2021-07-03 16:00:00,14.0,8.0,0.3,0.013,23.3,0.27,84,1.4,3.5,7,3,16,20.0
2021-07-03 17:00:00,12.0,7.0,0.3,0.012,22.3,0.12,91,4.3,3.1,7,3,17,20.0
2021-07-03 18:00:00,8.0,4.0,0.3,0.009,20.9,0.08,97,13.6,4.7,7,3,18,20.0
2021-07-03 19:00:00,6.0,3.0,0.3,0.009,20.5,0.02,99,10.6,4.7,7,3,19,20.0
2021-07-03 20:00:00,6.0,4.0,0.3,0.007,20.2,0.01,99,6.4,5.1,7,3,20,20.0
2021-07-03 21:00:00,4.0,2.0,0.3,0.006,19.8,0.009000000000000001,100,10.8,4.7,7,3,21,20.0
2021-07-03 22:00:00,3.0,2.0,0.3,0.006,19.7,0.008,100,2.4,4.9,7,3,22,20.0
2021-07-03 23:00:00,3.0,1.0,0.3,0.006,19.6,0.007,100,4.8,4.5,7,3,23,20.0
2021-07-04 00:00:00,3.0,1.0,0.3,0.005,19.8,0.006,100,5.7,2.7,7,4,0,20.0
2021-07-04 01:00:00,3.0,1.0,0.3,0.005,20.1,0.005,100,3.0,3.2,7,4,1,20.0
2021-07-04 02:00:00,3.0,1.0,0.3,0.004,20.2,0.004,100,4.3,2.4,7,4,2,20.0
2021-07-04 03:00:00,3.0,1.0,0.3,0.004,20.4,0.003,99,0.7,2.0,7,4,3,20.0
2021-07-04 04:00:00,3.0,1.0,0.3,0.005,20.6,0.002,100,1.2,1.1,7,4,4,20.0
2021-07-04 05:00:00,3.0,1.0,0.3,0.006,20.8,0.0009999999999999992,100,3.3,1.0,7,4,5,20.0
2021-07-04 06:00:00,3.0,3.0,0.3,0.008,21.0,0.0,99,1.5,0.9,7,4,6,20.0
2021-07-04 07:00:00,3.0,2.0,0.3,0.012,21.2,0.04,100,1.8,1.2,7,4,7,20.0
2021-07-04 08:00:00,3.0,2.0,0.3,0.015,21.7,0.1,100,1.5,2.1,7,4,8,20.0
2021-07-04 09:00:00,4.0,2.0,0.3,0.012,22.0,0.15,99,1.2,1.6,7,4,9,20.0
2021-07-04 10:00:00,5.0,4.0,0.4,0.013,22.1,0.27,99,0.6,1.0,7,4,10,20.0
2021-07-04 11:00:00,5.0,3.0,0.4,0.014,22.3,0.31,98,0.3,2.0,7,4,11,20.0
2021-07-04 12:00:00,4.0,4.0,0.4,0.015,22.5,0.28,98,0.5,1.7,7,4,12,20.0
2021-07-04 13:00:00,8.0,5.0,0.4,0.014,22.7,0.36,99,0.4,1.0,7,4,13,20.0
2021-07-04 14:00:00,8.0,5.0,0.3,0.011,22.7,0.3,98,0.8,1.9,7,4,14,20.0
2021-07-04 15:00:00,8.0,5.0,0.3,0.01,23.1,0.26,96,0.0,0.7,7,4,15,14.0
2021-07-04 16:00:00,10.0,6.0,0.4,0.009,22.5,0.18,94,0.3,3.4,7,4,16,14.0
2021-07-04 17:00:00,10.0,7.0,0.3,0.009,21.5,0.17,95,0.0,4.3,7,4,17,12.0
2021-07-04 18:00:00,12.0,9.0,0.3,0.01,21.1,0.19,97,0.0,3.7,7,4,18,8.0
2021-07-04 19:00:00,17.0,10.0,0.3,0.009,20.9,0.06,97,0.0,3.0,7,4,19,6.0
2021-07-07 04:00:00,67.0,38.0,0.6,0.02,24.0,0.19,80,0.0,0.8,7,7,4,20.0
2021-07-07 05:00:00,48.0,27.0,0.5,0.022,23.9,0.32,81,0.0,0.7,7,7,5,20.0
2021-07-07 21:00:00,34.0,23.0,0.5,0.026,25.9,0.45,90,4.6,2.5,7,7,21,20.0
2021-07-07 22:00:00,25.0,17.0,0.6,0.035,25.5,0.5800000000000001,91,8.1,1.0,7,7,22,20.0
2021-07-07 23:00:00,38.0,20.0,0.7,0.036,25.5,0.71,90,0.0,0.7,7,7,23,20.0
2021-07-08 00:00:00,39.0,19.0,0.5,0.02,25.1,0.8400000000000001,92,0.0,1.1,7,8,0,20.0
2021-07-08 01:00:00,19.0,13.0,0.4,0.012,24.5,0.97,93,2.6,2.1,7,8,1,20.0
2021-07-08 02:00:00,17.0,12.0,0.4,0.011,24.3,1.1,94,0.3,1.8,7,8,2,20.0
2021-07-08 14:00:00,27.0,18.0,0.3,0.016,29.1,1.23,70,0.0,3.4,7,8,14,20.0
2021-07-08 15:00:00,25.0,18.0,0.3,0.018,29.8,1.38,67,0.0,1.6,7,8,15,20.0
2021-07-09 10:00:00,18.0,10.0,0.3,0.021,25.2,0.41,81,0.0,1.5,7,9,10,20.0
2021-07-09 12:00:00,25.0,17.0,0.3,0.026,26.3,0.82,76,0.0,1.5,7,9,12,20.0
2021-07-10 04:00:00,17.0,6.0,0.3,0.014,23.8,0.5533333333333332,83,0.0,1.9,7,10,4,20.0
2021-07-10 05:00:00,17.0,10.0,0.3,0.016,23.8,0.2866666666666666,85,0.0,2.0,7,10,5,20.0
2021-07-10 06:00:00,16.0,9.0,0.2,0.012,23.4,0.02,87,0.2,1.6,7,10,6,20.0
2021-07-10 07:00:00,12.0,8.0,0.3,0.019,23.2,0.08,84,0.0,0.3,7,10,7,20.0
2021-07-10 08:00:00,20.0,13.0,0.3,0.02,23.7,0.31,88,0.1,1.4,7,10,8,20.0
2021-07-10 10:00:00,31.0,23.0,0.3,0.012,25.1,0.72,85,0.0,1.4,7,10,10,18.0
2021-07-10 11:00:00,31.0,22.0,0.3,0.01,26.3,1.46,80,0.2,2.3,7,10,11,20.0
2021-07-11 06:00:00,36.0,15.0,0.2,0.007,24.5,0.0,88,0.0,2.7,7,11,6,16.0
2021-07-11 07:00:00,27.0,13.0,0.2,0.009,24.1,0.03,92,0.3,2.0,7,11,7,12.0
2021-07-11 08:00:00,27.0,14.0,0.2,0.011,24.3,0.3,92,0.1,1.8,7,11,8,20.0
2021-07-11 09:00:00,29.0,14.0,0.2,0.014,24.6,0.24,92,0.0,0.5,7,11,9,20.0
2021-07-11 11:00:00,27.0,15.0,0.2,0.011,25.4,0.31,90,0.0,2.6,7,11,11,31.0
2021-07-11 12:00:00,25.0,19.0,0.2,0.009,25.9,0.85,89,0.0,2.9,7,11,12,20.0
2021-07-11 13:00:00,34.0,24.0,0.2,0.008,26.4,1.14,86,0.0,3.7,7,11,13,20.0
2021-07-15 02:00:00,17.0,6.0,0.2,0.012,27.8,1.455,80,0.0,1.9,7,15,2,20.0
2021-07-15 17:00:00,26.0,18.0,0.5,0.038,32.2,1.77,62,0.0,3.3,7,15,17,20.0
2021-07-15 19:00:00,19.0,12.0,0.3,0.019,28.0,0.17,69,0.0,2.7,7,15,19,20.0
2021-07-15 20:00:00,16.0,13.0,0.4,0.023,27.5,0.05,70,0.0,2.5,7,15,20,20.0
2021-07-17 19:00:00,9.0,7.0,0.3,0.012,30.4,0.45,60,0.0,1.4,7,17,19,20.0
2021-07-19 14:00:00,21.0,17.0,0.3,0.015,29.4,0.42,68,0.0,2.1,7,19,14,20.0
2021-07-19 15:00:00,9.0,6.0,0.3,0.019,24.1,0.11,94,64.7,4.1,7,19,15,20.0
2021-07-19 16:00:00,7.0,4.0,0.4,0.022,24.3,0.34,91,1.7,1.5,7,19,16,20.0
2021-07-19 17:00:00,13.0,9.0,0.5,0.024,24.4,0.28,92,0.3,1.7,7,19,17,20.0
2021-07-19 18:00:00,14.0,8.0,0.5,0.032,24.8,0.31,88,0.7,0.8,7,19,18,20.0
2021-07-19 20:00:00,19.0,14.0,0.5,0.031,25.8,0.18,83,0.0,1.5,7,19,20,20.0
2021-07-19 21:00:00,16.0,12.0,0.4,0.024,25.4,0.4,84,0.0,1.2,7,19,21,20.0
2021-07-20 16:00:00,22.0,16.0,0.4,0.025,31.3,0.62,62,0.0,1.4,7,20,16,7.0
2021-07-20 17:00:00,22.0,17.0,0.5,0.025,29.2,0.36,73,0.0,2.7,7,20,17,13.0
2021-07-20 18:00:00,17.0,17.0,0.4,0.023,29.0,0.45,72,0.0,0.4,7,20,18,14.0
2021-07-28 14:00:00,32.0,27.0,0.4,0.018,33.0,0.61,56,0.0,1.2,7,28,14,20.0
2021-07-28 15:00:00,32.0,25.0,0.4,0.021,34.5,2.1,52,0.0,1.7,7,28,15,20.0
2021-07-28 16:00:00,43.0,34.0,0.6,0.029,32.5,0.37,60,0.0,3.2,7,28,16,20.0
2021-07-28 17:00:00,45.0,40.0,0.5,0.026,30.2,0.26,70,0.0,3.1,7,28,17,20.0
2021-07-31 02:00:00,14.0,12.0,0.3,0.007,27.9,0.1975,86,0.6,2.7,7,31,2,20.0
2021-07-31 03:00:00,14.0,10.0,0.3,0.008,27.2,0.135,88,2.4,3.1,7,31,3,20.0
2021-07-31 04:00:00,17.0,11.0,0.3,0.009,27.1,0.07250000000000001,88,0.0,2.3,7,31,4,20.0
2021-08-01 06:00:00,20.0,16.0,0.4,0.012,26.9,0.01,78,0.0,1.0,8,1,6,20.0
2021-08-01 07:00:00,20.0,16.0,0.4,0.015,26.9,0.11,79,0.0,0.7,8,1,7,20.0
2021-08-01 08:00:00,24.0,15.0,0.4,0.01,27.4,0.28,77,0.0,1.6,8,1,8,20.0
2021-08-01 09:00:00,26.0,20.0,0.4,0.014,27.5,0.32,77,0.0,1.0,8,1,9,20.0
2021-08-01 10:00:00,29.0,24.0,0.5,0.011,26.3,0.16,86,4.4,2.1,8,1,10,20.0
2021-08-01 11:00:00,26.0,21.0,0.5,0.008,26.8,0.58,87,0.7,1.0,8,1,11,20.0
2021-08-01 12:00:00,27.0,27.0,0.5,0.006,28.1,1.31,80,0.0,0.6,8,1,12,20.0
2021-08-01 13:00:00,31.0,28.0,0.5,0.01,28.7,0.96,81,0.0,1.3,8,1,13,20.0
2021-08-01 14:00:00,30.0,26.0,0.5,0.011,27.7,0.59,80,1.1,1.4,8,1,14,20.0
2021-08-01 15:00:00,28.0,24.0,0.5,0.014,28.0,0.64,76,0.2,1.0,8,1,15,20.0
2021-08-01 16:00:00,32.0,24.0,0.5,0.013,28.6,0.67,82,0.0,1.3,8,1,16,20.0
2021-08-01 17:00:00,30.0,25.0,0.5,0.012,28.6,0.52,79,0.0,1.9,8,1,17,20.0
2021-08-01 18:00:00,31.0,27.0,0.5,0.017,28.5,0.33,80,0.0,1.4,8,1,18,20.0
2021-08-01 19:00:00,30.0,25.0,0.5,0.017,28.4,0.07,78,0.0,1.7,8,1,19,20.0
2021-08-01 20:00:00,24.0,22.0,0.4,0.016,26.2,0.01,92,8.0,1.7,8,1,20,20.0
2021-08-01 21:00:00,22.0,17.0,0.4,0.018,25.7,0.00875,94,3.5,1.3,8,1,21,20.0
2021-08-01 22:00:00,19.0,15.0,0.4,0.015,25.5,0.0075,94,1.2,2.1,8,1,22,20.0
2021-08-01 23:00:00,15.0,12.0,0.3,0.013,25.3,0.00625,95,1.2,2.2,8,1,23,20.0
2021-08-02 00:00:00,13.0,9.0,0.3,0.014,25.1,0.005,93,0.7,1.8,8,2,0,20.0
2021-08-02 01:00:00,11.0,8.0,0.3,0.011,25.2,0.00375,93,0.0,0.9,8,2,1,20.0
2021-08-02 04:00:00,11.0,10.0,0.3,0.01,25.2,0.0025000000000000005,92,0.0,0.9,8,2,4,20.0
2021-08-02 05:00:00,10.0,7.0,0.3,0.015,25.3,0.0012499999999999994,92,0.0,1.0,8,2,5,20.0
2021-08-02 06:00:00,12.0,6.0,0.4,0.018,25.3,0.0,92,0.3,1.7,8,2,6,20.0
2021-08-02 07:00:00,13.0,8.0,0.4,0.019,25.3,0.03,93,0.0,1.9,8,2,7,20.0
2021-08-02 08:00:00,13.0,11.0,0.4,0.021,25.5,0.19,95,0.3,1.8,8,2,8,24.0
2021-08-02 09:00:00,13.0,7.0,0.4,0.019,25.6,0.21,92,1.1,0.9,8,2,9,26.0
2021-08-02 10:00:00,15.0,9.0,0.5,0.016,25.8,0.51,88,0.0,2.7,8,2,10,29.0
2021-08-02 12:00:00,9.0,9.0,0.4,0.016,26.8,1.03,77,0.0,1.9,8,2,12,27.0
2021-08-02 13:00:00,10.0,6.0,0.3,0.016,26.5,0.49,79,0.0,2.2,8,2,13,31.0
2021-08-02 14:00:00,8.0,4.0,0.4,0.014,27.4,1.16,76,0.0,2.3,8,2,14,30.0
2021-08-03 17:00:00,14.0,11.0,0.3,0.014,31.0,1.52,62,0.0,2.5,8,3,17,20.0
2021-08-08 15:00:00,19.0,15.0,0.3,0.009,31.5,0.7,59,0.0,2.6,8,8,15,20.0
2021-08-08 16:00:00,18.0,14.0,0.2,0.008,26.8,0.18,84,11.5,3.0,8,8,16,20.0
2021-08-08 17:00:00,10.0,6.0,0.3,0.011,25.3,0.19,83,0.9,2.8,8,8,17,20.0
2021-08-08 18:00:00,10.0,5.0,0.3,0.013,25.4,0.04,77,0.0,2.0,8,8,18,20.0
2021-08-08 19:00:00,11.0,8.0,0.3,0.015,25.1,0.02,80,0.1,0.6,8,8,19,20.0
2021-08-08 20:00:00,11.0,9.0,0.3,0.017,25.1,0.0,83,0.2,0.9,8,8,20,20.0
2021-08-11 08:00:00,20.0,13.0,0.4,0.021,24.4,0.16,85,0.0,1.1,8,11,8,20.0
2021-08-11 09:00:00,24.0,14.0,0.4,0.022,25.3,0.75,81,0.0,2.1,8,11,9,20.0
2021-08-12 19:00:00,33.0,28.0,0.5,0.024,26.2,0.05,58,0.0,2.4,8,12,19,20.0
2021-08-12 20:00:00,34.0,31.0,0.6,0.029,25.2,0.01,63,0.0,0.6,8,12,20,20.0
2021-08-16 20:00:00,26.0,20.0,0.4,0.017,27.5,0.03,70,0.0,2.5,8,16,20,20.0
2021-08-16 21:00:00,21.0,16.0,0.4,0.016,26.2,0.17666666666666664,74,0.0,2.1,8,16,21,20.0
2021-08-16 22:00:00,20.0,16.0,0.4,0.014,26.2,0.32333333333333325,76,0.0,1.6,8,16,22,20.0
2021-08-17 18:00:00,12.0,11.0,0.4,0.018,28.1,0.47,56,0.0,2.7,8,17,18,20.0
2021-08-17 19:00:00,22.0,9.0,0.4,0.027,25.5,0.01,74,0.3,2.6,8,17,19,20.0
2021-08-17 20:00:00,19.0,11.0,0.4,0.016,24.2,0.0,86,2.8,1.7,8,17,20,26.0
2021-08-17 21:00:00,6.0,5.0,0.3,0.012,23.5,0.01,89,4.4,1.7,8,17,21,21.0
2021-08-17 22:00:00,5.0,4.0,0.3,0.012,22.7,0.02,85,1.8,2.1,8,17,22,20.0
2021-08-17 23:00:00,5.0,3.0,0.3,0.012,22.2,0.03,86,0.0,2.0,8,17,23,20.0
2021-08-18 05:00:00,12.0,8.0,0.3,0.011,21.0,0.04,77,0.0,2.2,8,18,5,20.0
2021-08-18 08:00:00,13.0,8.0,0.3,0.019,20.7,0.05,91,2.2,1.9,8,18,8,20.0
2021-08-18 09:00:00,10.0,7.0,0.3,0.018,20.8,0.26,91,2.3,1.8,8,18,9,20.0
2021-08-18 10:00:00,10.0,5.0,0.3,0.015,21.6,0.62,92,1.1,1.7,8,18,10,20.0
2021-08-18 11:00:00,8.0,4.0,0.3,0.009,23.5,1.61,81,0.0,2.8,8,18,11,20.0
2021-08-20 04:00:00,15.0,9.0,0.3,0.005,23.6,1.225,68,0.0,2.4,8,20,4,20.0
2021-08-20 23:00:00,26.0,15.0,0.4,0.01,26.7,0.8400000000000001,67,0.0,4.1,8,20,23,20.0
2021-08-21 00:00:00,17.0,12.0,0.4,0.014,24.8,0.45500000000000007,78,0.0,1.3,8,21,0,20.0
2021-08-21 07:00:00,16.0,11.0,0.3,0.018,24.3,0.07,77,0.0,1.9,8,21,7,20.0
2021-08-21 08:00:00,17.0,11.0,0.3,0.015,24.2,0.14,81,0.3,2.2,8,21,8,20.0
2021-08-21 09:00:00,18.0,13.0,0.3,0.016,23.9,0.18,87,0.5,2.3,8,21,9,20.0
2021-08-21 10:00:00,16.0,10.0,0.3,0.015,23.0,0.08,94,5.1,3.6,8,21,10,20.0
2021-08-21 11:00:00,11.0,7.0,0.3,0.012,22.7,0.1,96,7.0,3.1,8,21,11,20.0
2021-08-21 12:00:00,9.0,7.0,0.3,0.009,22.0,0.11,98,12.5,4.5,8,21,12,20.0
2021-08-21 13:00:00,7.0,4.0,0.4,0.011,21.4,0.16,99,22.4,6.3,8,21,13,20.0
2021-08-21 14:00:00,3.0,1.0,0.4,0.01,23.4,1.5,97,12.8,2.4,8,21,14,20.0
2021-08-21 17:00:00,17.0,9.0,0.4,0.013,24.8,0.26,83,0.0,4.2,8,21,17,20.0
2021-08-21 18:00:00,16.0,7.0,0.4,0.01,23.9,0.11,93,0.8,3.1,8,21,18,20.0
2021-08-21 19:00:00,10.0,5.0,0.4,0.01,23.6,0.06,92,1.3,5.1,8,21,19,20.0
2021-08-21 20:00:00,12.0,7.0,0.4,0.013,23.2,0.0,93,0.0,2.0,8,21,20,20.0
2021-08-21 21:00:00,8.0,5.0,0.3,0.009,23.3,0.13,93,0.1,3.9,8,21,21,20.0
2021-08-22 01:00:00,13.0,7.0,0.3,0.007,23.3,0.26,91,0.0,3.2,8,22,1,20.0
2021-08-22 02:00:00,11.0,9.0,0.3,0.006,23.2,0.39,90,0.0,2.4,8,22,2,20.0
2021-08-23 12:00:00,29.0,20.0,0.6,0.026,24.0,0.52,81,0.0,2.2,8,23,12,20.0
2021-08-23 13:00:00,25.0,18.0,0.6,0.027,23.9,0.42,86,0.3,2.4,8,23,13,20.0
2021-08-23 14:00:00,26.0,16.0,0.6,0.03,23.7,0.41,89,0.7,2.0,8,23,14,20.0
2021-08-23 15:00:00,22.0,16.0,0.6,0.026,23.6,0.37,90,0.9,1.8,8,23,15,20.0
2021-08-23 16:00:00,22.0,18.0,0.6,0.028,23.2,0.15,90,1.0,2.6,8,23,16,20.0
2021-08-23 17:00:00,19.0,14.0,0.6,0.028,23.2,0.07,93,0.8,2.1,8,23,17,20.0
2021-08-23 18:00:00,14.0,13.0,0.5,0.02,22.9,0.08,93,0.3,1.9,8,23,18,20.0
2021-08-23 19:00:00,11.0,8.0,0.4,0.018,22.1,0.03,93,1.3,3.1,8,23,19,20.0
2021-08-23 20:00:00,12.0,5.0,0.4,0.02,21.3,0.0,94,1.1,2.1,8,23,20,20.0
2021-08-23 21:00:00,9.0,5.0,0.3,0.017,21.1,0.0,95,1.0,2.6,8,23,21,20.0
2021-08-23 22:00:00,6.0,3.0,0.3,0.017,21.0,0.0,94,0.0,2.6,8,23,22,20.0
2021-08-23 23:00:00,6.0,4.0,0.3,0.014,21.1,0.0,93,0.0,2.8,8,23,23,20.0
2021-08-24 00:00:00,10.0,6.0,0.3,0.01,21.1,0.0,92,0.0,2.7,8,24,0,20.0
2021-08-24 03:00:00,10.0,6.0,0.3,0.01,21.6,0.0,90,0.0,2.0,8,24,3,20.0
2021-08-24 04:00:00,13.0,6.0,0.3,0.008,21.4,0.0,94,0.2,1.9,8,24,4,20.0
2021-08-24 05:00:00,9.0,5.0,0.3,0.009,21.1,0.0,96,0.3,2.7,8,24,5,20.0
2021-08-24 06:00:00,9.0,3.0,0.3,0.014,21.2,0.0,96,0.0,2.2,8,24,6,20.0
2021-08-24 07:00:00,9.0,5.0,0.4,0.017,21.5,0.02,97,0.2,2.7,8,24,7,20.0
2021-08-24 08:00:00,7.0,3.0,0.4,0.017,21.8,0.09,96,0.1,2.9,8,24,8,20.0
2021-08-24 09:00:00,8.0,4.0,0.4,0.018,22.2,0.25,96,0.0,3.4,8,24,9,20.0
2021-08-24 10:00:00,8.0,3.0,0.4,0.018,22.5,0.27,96,1.3,3.0,8,24,10,20.0
2021-08-24 12:00:00,14.0,8.0,0.5,0.024,24.1,0.56,95,0.7,2.1,8,24,12,29.0
2021-08-24 13:00:00,14.0,9.0,0.6,0.03,24.2,0.37,96,2.6,1.5,8,24,13,25.0
2021-08-24 14:00:00,16.0,11.0,0.6,0.023,24.5,0.35,97,2.0,1.7,8,24,14,26.0
2021-08-24 15:00:00,17.0,10.0,0.5,0.015,25.9,0.73,94,0.0,2.8,8,24,15,22.0
2021-08-24 16:00:00,24.0,14.0,0.5,0.013,26.4,0.75,91,0.2,3.5,8,24,16,22.0
2021-08-24 17:00:00,19.0,11.0,0.4,0.013,25.8,0.25,93,1.2,3.6,8,24,17,19.0
2021-08-24 19:00:00,12.0,7.0,0.4,0.012,24.1,0.02,96,1.2,3.7,8,24,19,11.0
2021-08-24 20:00:00,12.0,6.0,0.3,0.012,23.4,0.0,97,0.5,3.7,8,24,20,12.0
2021-08-24 21:00:00,10.0,4.0,0.3,0.011,23.6,0.028000000000000004,94,0.0,3.7,8,24,21,9.0
2021-08-25 02:00:00,17.0,9.0,0.4,0.014,23.8,0.05600000000000001,92,0.0,2.3,8,25,2,20.0
2021-08-25 03:00:00,17.0,8.0,0.4,0.015,23.8,0.08400000000000002,93,0.3,0.4,8,25,3,10.0
2021-08-25 04:00:00,18.0,10.0,0.4,0.016,23.7,0.11200000000000002,94,0.0,0.9,8,25,4,13.0
2021-08-25 08:00:00,23.0,12.0,0.4,0.028,23.8,0.14,95,0.0,0.8,8,25,8,7.0
2021-08-25 11:00:00,14.0,8.0,0.4,0.024,25.6,0.77,85,0.0,2.5,8,25,11,20.0
2021-08-25 12:00:00,17.0,10.0,0.4,0.02,25.7,1.01,81,0.0,2.4,8,25,12,14.0
2021-08-25 13:00:00,15.0,9.0,0.4,0.017,25.5,0.74,84,0.0,2.2,8,25,13,14.0
2021-08-25 14:00:00,13.0,7.0,0.4,0.017,26.0,1.09,83,0.0,2.0,8,25,14,16.0
2021-08-26 16:00:00,55.0,28.0,0.5,0.016,27.3,0.72,83,0.7,2.9,8,26,16,20.0
2021-08-26 19:00:00,66.0,34.0,0.6,0.019,26.8,0.05,84,0.0,3.4,8,26,19,20.0
2021-08-26 20:00:00,69.0,33.0,0.6,0.018,26.4,0.0,87,0.0,2.8,8,26,20,20.0
2021-08-27 06:00:00,35.0,18.0,0.5,0.018,23.9,0.0,77,0.0,1.9,8,27,6,20.0
2021-08-27 07:00:00,35.0,16.0,0.5,0.021,23.6,0.04,79,0.0,0.9,8,27,7,20.0
2021-08-27 08:00:00,29.0,16.0,0.4,0.019,23.5,0.16,78,0.0,0.6,8,27,8,20.0
2021-08-27 09:00:00,18.0,8.0,0.4,0.02,22.7,0.21,73,0.1,1.2,8,27,9,20.0
2021-08-27 10:00:00,21.0,8.0,0.5,0.025,22.7,0.25,75,0.1,1.2,8,27,10,20.0
2021-08-27 11:00:00,25.0,7.0,0.5,0.023,22.8,0.35,79,0.0,1.0,8,27,11,20.0
2021-08-27 12:00:00,16.0,6.0,0.5,0.023,22.6,0.3,76,0.0,1.4,8,27,12,20.0
2021-08-27 14:00:00,29.0,12.0,0.6,0.044,22.9,0.4,81,0.2,1.1,8,27,14,20.0
2021-08-27 15:00:00,18.0,9.0,0.6,0.037,21.9,0.31,84,0.5,1.2,8,27,15,20.0
2021-08-27 16:00:00,18.0,9.0,0.5,0.039,22.0,0.24,85,0.0,0.4,8,27,16,55.0
2021-08-27 17:00:00,21.0,10.0,0.5,0.033,21.8,0.16,87,0.0,2.1,8,27,17,20.0
2021-08-27 18:00:00,24.0,11.0,0.6,0.043,21.7,0.1,86,0.0,1.4,8,27,18,20.0
2021-08-27 19:00:00,24.5,12.0,0.5,0.04,21.6,0.05,87,0.0,1.0,8,27,19,66.0
2021-08-29 01:00:00,25.0,14.0,0.4,0.009,23.4,0.043333333333333335,86,0.0,2.3,8,29,1,20.0
2021-08-29 02:00:00,26.0,16.0,0.4,0.012,23.2,0.03666666666666667,89,0.6,1.3,8,29,2,20.0
2021-08-29 03:00:00,28.0,14.0,0.4,0.011,23.1,0.030000000000000002,89,0.1,0.3,8,29,3,20.0
2021-08-29 05:00:00,36.0,21.0,0.5,0.013,22.9,0.023333333333333334,93,0.0,0.5,8,29,5,20.0
2021-08-29 06:00:00,37.0,23.0,0.5,0.013,22.6,0.01666666666666667,92,0.0,0.5,8,29,6,20.0
2021-08-29 07:00:00,34.0,21.0,0.5,0.017,22.3,0.01,87,0.2,3.0,8,29,7,20.0
2021-08-30 11:00:00,36.0,23.0,0.6,0.023,25.1,1.22,74,0.0,1.2,8,30,11,20.0
2021-08-30 13:00:00,36.0,22.0,0.6,0.018,26.2,1.6,69,0.0,2.1,8,30,13,20.0
2021-08-30 14:00:00,32.0,22.0,0.5,0.012,26.9,1.78,62,0.0,1.7,8,30,14,20.0
2021-08-31 08:00:00,38.0,22.0,0.6,0.027,21.9,0.13,90,0.0,2.0,8,31,8,20.0
2021-08-31 09:00:00,40.0,23.0,0.6,0.029,22.3,0.27,89,0.1,1.7,8,31,9,20.0
2021-08-31 10:00:00,40.0,23.0,0.6,0.032,22.7,0.4,87,0.0,1.5,8,31,10,20.0
2021-08-31 11:00:00,41.0,24.0,0.6,0.028,22.8,0.36,86,0.0,2.2,8,31,11,36.0
2021-08-31 12:00:00,37.0,24.0,0.6,0.026,23.0,0.34,89,0.3,1.6,8,31,12,20.0
2021-08-31 13:00:00,22.0,16.0,0.6,0.026,20.6,0.2,90,9.3,2.5,8,31,13,36.0
2021-08-31 14:00:00,21.0,17.0,0.6,0.027,20.3,0.19,96,8.9,1.4,8,31,14,32.0
2021-08-31 15:00:00,19.0,14.666666666666666,0.55,0.0235,19.9,0.16,97,11.6,2.6,8,31,15,20.0
2021-08-31 16:00:00,17.0,12.333333333333332,0.5,0.02,19.2,0.13,97,10.0,3.1,8,31,16,20.0
2021-08-31 17:00:00,15.0,10.0,0.4,0.018,18.5,0.09,98,6.8,3.5,8,31,17,20.0
2021-08-31 18:00:00,13.0,8.0,0.4,0.018,18.2,0.06,99,7.1,3.6,8,31,18,20.0
2021-08-31 19:00:00,10.0,7.0,0.4,0.017,18.1,0.02,98,3.8,3.9,8,31,19,20.0
2021-08-31 20:00:00,8.0,6.0,0.4,0.013,18.1,0.01,99,1.6,4.3,8,31,20,20.0
2021-08-31 21:00:00,6.0,5.0,0.4,0.011,18.1,0.013333333333333332,99,3.6,3.8,8,31,21,20.0
2021-08-31 22:00:00,8.0,7.0,0.4,0.012,18.3,0.016666666666666666,100,2.1,3.3,8,31,22,20.0
2021-08-31 23:00:00,4.0,4.0,0.4,0.012,18.5,0.019999999999999997,100,7.8,2.6,8,31,23,20.0
2021-09-01 00:00:00,5.0,3.0,0.4,0.01,18.7,0.02333333333333333,100,4.4,1.7,9,1,0,20.0
2021-09-01 01:00:00,3.0,3.0,0.3,0.007,18.6,0.026666666666666665,99,0.8,3.7,9,1,1,20.0
2021-09-01 07:00:00,3.0,1.0,0.4,0.016,19.3,0.03,94,0.0,3.3,9,1,7,20.0
2021-09-01 08:00:00,3.0,1.0,0.4,0.018,19.6,0.14,92,0.0,3.3,9,1,8,38.0
2021-09-01 09:00:00,4.0,1.0,0.4,0.016,20.1,0.44,90,0.0,3.5,9,1,9,40.0
2021-09-01 10:00:00,3.0,1.0,0.4,0.014,20.5,0.45,89,0.0,2.3,9,1,10,40.0
2021-09-01 11:00:00,3.0,1.0,0.4,0.013,21.1,0.56,85,0.0,3.1,9,1,11,41.0
2021-09-06 15:00:00,16.0,7.0,0.4,0.016,25.9,0.63,58,0.0,3.8,9,6,15,20.0
2021-09-06 16:00:00,13.0,6.0,0.4,0.019,25.2,0.5,59,0.0,3.0,9,6,16,20.0
2021-09-06 17:00:00,17.0,8.0,0.5,0.025,24.6,0.42,65,0.0,3.6,9,6,17,20.0
2021-09-06 18:00:00,20.0,9.0,0.4,0.019,23.8,0.15,64,0.0,3.4,9,6,18,20.0
2021-09-06 19:00:00,20.0,12.0,0.4,0.02,23.0,0.01,63,0.0,3.0,9,6,19,20.0
2021-09-06 20:00:00,25.0,15.0,0.4,0.025,21.1,0.009166666666666667,79,1.5,1.7,9,6,20,20.0
2021-09-06 21:00:00,18.0,11.0,0.4,0.015,19.7,0.008333333333333333,88,3.1,3.7,9,6,21,20.0
2021-09-06 22:00:00,16.0,12.0,0.3,0.017,19.1,0.0075,90,2.4,2.0,9,6,22,20.0
2021-09-06 23:00:00,12.0,9.0,0.3,0.011,18.5,0.006666666666666666,93,2.9,3.5,9,6,23,20.0
2021-09-07 00:00:00,12.0,8.0,0.3,0.009,18.0,0.005833333333333334,95,2.1,3.5,9,7,0,20.0
2021-09-07 01:00:00,9.0,8.0,0.3,0.007,17.7,0.005,96,1.2,3.9,9,7,1,20.0
2021-09-07 02:00:00,10.0,9.0,0.3,0.007,17.7,0.004166666666666667,97,0.4,3.8,9,7,2,20.0
2021-09-07 03:00:00,9.0,7.0,0.3,0.007,17.6,0.003333333333333333,98,1.0,3.3,9,7,3,20.0
2021-09-07 04:00:00,7.0,7.0,0.3,0.007,17.6,0.0024999999999999996,99,1.5,3.2,9,7,4,20.0
2021-09-07 05:00:00,7.0,5.0,0.3,0.011,17.7,0.001666666666666667,99,2.6,2.7,9,7,5,20.0
2021-09-07 06:00:00,7.0,5.0,0.3,0.018,17.9,0.0008333333333333335,97,1.8,2.8,9,7,6,20.0
2021-09-07 07:00:00,5.0,3.0,0.4,0.023,18.2,0.0,98,0.7,2.7,9,7,7,20.0
2021-09-07 08:00:00,9.0,4.0,0.4,0.027,18.5,0.04,99,1.0,2.4,9,7,8,20.0
2021-09-07 09:00:00,8.0,5.0,0.4,0.028,19.0,0.06,100,1.5,2.3,9,7,9,20.0
2021-09-07 10:00:00,9.0,8.0,0.5,0.031,19.2,0.1,98,5.9,1.9,9,7,10,20.0
2021-09-07 11:00:00,9.0,7.0,0.5,0.032,19.6,0.11,100,0.9,1.8,9,7,11,20.0
2021-09-07 12:00:00,10.0,9.0,0.6,0.032,19.9,0.16,100,2.0,1.6,9,7,12,20.0
2021-09-07 13:00:00,6.0,4.0,0.5,0.033,20.5,0.27,99,3.5,0.9,9,7,13,20.0
2021-09-07 14:00:00,6.0,2.0,0.5,0.028,20.7,0.25,98,0.1,2.3,9,7,14,20.0
2021-09-07 15:00:00,4.0,3.0,0.5,0.025,20.8,0.25,99,0.3,2.2,9,7,15,16.0
2021-09-07 16:00:00,4.0,2.0,0.5,0.026,20.8,0.22,97,0.2,2.2,9,7,16,13.0
2021-09-07 18:00:00,5.0,4.0,0.4,0.026,20.9,0.12,96,0.0,2.6,9,7,18,20.0
2021-09-07 19:00:00,4.0,3.0,0.5,0.029,20.8,0.03,99,1.3,2.3,9,7,19,20.0
2021-09-07 20:00:00,5.0,3.0,0.4,0.02,20.7,0.03083333333333333,99,1.0,2.6,9,7,20,25.0
2021-09-07 21:00:00,3.0,2.0,0.4,0.016,20.4,0.03166666666666666,98,1.4,1.9,9,7,21,18.0
2021-09-07 22:00:00,3.0,4.0,0.4,0.016,20.3,0.0325,98,0.7,0.7,9,7,22,16.0
2021-09-07 23:00:00,3.0,1.0,0.3,0.012,20.2,0.03333333333333333,97,0.3,0.4,9,7,23,12.0
2021-09-08 00:00:00,3.0,5.0,0.3,0.009,20.0,0.034166666666666665,97,0.3,1.1,9,8,0,12.0
2021-09-08 01:00:00,3.0,2.0,0.3,0.007,20.0,0.035,97,0.2,1.6,9,8,1,9.0
2021-09-08 02:00:00,3.0,2.0,0.3,0.007,19.7,0.035833333333333335,98,0.4,1.1,9,8,2,10.0
2021-09-08 03:00:00,3.0,2.0,0.3,0.007,19.5,0.03666666666666667,98,0.5,1.5,9,8,3,9.0
2021-09-08 04:00:00,3.0,1.0,0.3,0.007,19.3,0.0375,97,0.2,1.9,9,8,4,7.0
2021-09-08 05:00:00,3.0,2.0,0.3,0.009,19.2,0.03833333333333333,97,0.3,0.3,9,8,5,7.0
2021-09-08 06:00:00,3.0,2.0,0.3,0.012,19.0,0.03916666666666667,98,0.0,2.0,9,8,6,7.0
2021-09-08 07:00:00,3.0,1.0,0.3,0.014,19.1,0.04,97,0.0,1.1,9,8,7,5.0
2021-09-21 01:00:00,28.0,13.0,0.3,0.006,21.9,0.03571428571428571,85,4.7,2.1,9,21,1,20.0
2021-09-21 02:00:00,18.0,13.0,0.3,0.007,20.9,0.03142857142857143,92,10.6,2.3,9,21,2,20.0
2021-09-21 03:00:00,14.0,11.0,0.3,0.006,20.8,0.027142857142857142,96,0.7,2.2,9,21,3,20.0
2021-09-21 04:00:00,15.0,11.0,0.3,0.006,20.6,0.022857142857142857,94,6.0,2.2,9,21,4,20.0
2021-09-21 05:00:00,14.0,11.0,0.3,0.006,20.7,0.018571428571428572,97,0.6,1.6,9,21,5,20.0
2021-09-21 06:00:00,14.0,15.0,0.3,0.008,20.7,0.014285714285714284,98,10.0,0.8,9,21,6,20.0
2021-09-21 07:00:00,6.0,5.0,0.4,0.01,20.8,0.01,98,6.7,1.2,9,21,7,20.0
2021-09-21 08:00:00,9.0,6.0,0.4,0.01,21.1,0.16,94,1.3,0.7,9,21,8,20.0
2021-09-21 09:00:00,8.0,6.0,0.5,0.009,21.2,0.22,93,0.0,1.7,9,21,9,20.0
2021-09-21 10:00:00,8.0,8.0,0.5,0.009,21.2,0.21,92,0.0,2.9,9,21,10,20.0
2021-09-21 11:00:00,12.0,7.0,0.5,0.01,21.4,0.36,94,1.0,2.6,9,21,11,20.0
2021-09-21 23:00:00,10.0,8.0,0.3,0.005,19.5,0.33199999999999996,77,0.0,6.0,9,21,23,20.0
2021-09-22 00:00:00,8.0,6.0,0.3,0.006,17.4,0.304,93,26.5,3.1,9,22,0,20.0
2021-09-22 01:00:00,4.0,3.0,0.3,0.007,17.6,0.276,96,4.2,2.1,9,22,1,28.0
2021-09-22 02:00:00,3.0,5.0,0.3,0.007,17.4,0.248,94,0.1,2.0,9,22,2,18.0
2021-09-22 08:00:00,9.0,7.0,0.4,0.015,18.1,0.22,97,0.2,0.8,9,22,8,9.0
2021-09-22 13:00:00,11.0,7.0,0.4,0.008,22.9,1.73,67,0.0,3.5,9,22,13,20.0
2021-09-22 14:00:00,13.0,8.0,0.4,0.006,23.8,1.78,64,0.0,4.0,9,22,14,20.0
2021-09-27 14:00:00,14.0,8.0,0.4,0.015,24.6,1.49,56,0.0,2.5,9,27,14,20.0
2021-09-27 15:00:00,15.0,8.0,0.4,0.018,24.1,0.56,57,0.0,1.9,9,27,15,20.0
2021-09-27 16:00:00,14.0,8.0,0.4,0.021,23.6,0.42,61,0.0,0.7,9,27,16,20.0
2021-09-27 17:00:00,13.0,7.0,0.4,0.016,23.2,0.22,64,0.0,2.6,9,27,17,20.0
2021-09-27 18:00:00,13.0,6.0,0.4,0.018,22.8,0.16,66,0.0,2.8,9,27,18,20.0
2021-09-27 19:00:00,12.0,8.0,0.4,0.019,22.4,0.01,70,0.0,2.3,9,27,19,20.0
2021-09-27 20:00:00,12.0,8.0,0.4,0.017,22.0,0.06857142857142856,71,0.0,2.7,9,27,20,20.0
2021-09-27 21:00:00,9.0,6.0,0.3,0.016,21.7,0.12714285714285714,72,0.0,2.3,9,27,21,20.0
2021-09-28 00:00:00,6.0,5.0,0.3,0.012,20.8,0.18571428571428572,74,0.0,1.8,9,28,0,20.0
2021-09-28 02:00:00,7.0,6.0,0.3,0.008,20.3,0.24428571428571427,76,0.0,2.2,9,28,2,20.0
2021-09-28 03:00:00,5.0,3.0,0.3,0.008,19.9,0.3028571428571428,78,0.0,2.0,9,28,3,20.0
2021-09-28 04:00:00,6.0,6.0,0.3,0.008,19.7,0.36142857142857143,79,0.0,2.6,9,28,4,20.0
2021-09-28 09:00:00,10.0,4.0,0.4,0.015,20.6,0.42,76,0.0,2.2,9,28,9,20.0
2021-09-28 10:00:00,12.0,6.0,0.4,0.014,20.8,0.57,74,0.0,2.4,9,28,10,20.0
2021-09-28 17:00:00,17.0,8.0,0.5,0.025,23.4,0.33,64,0.0,2.0,9,28,17,13.0
2021-09-28 18:00:00,18.0,12.0,0.5,0.027,22.9,0.07,68,0.0,1.6,9,28,18,13.0
2021-09-28 19:00:00,14.0,9.0,0.5,0.031,21.8,0.0,76,0.0,1.4,9,28,19,12.0
2021-09-28 20:00:00,13.0,11.0,0.5,0.029,21.5,0.0011111111111111111,80,0.0,1.4,9,28,20,12.0
2021-09-28 21:00:00,15.0,9.0,0.5,0.029,20.8,0.0022222222222222222,88,0.4,1.1,9,28,21,9.0
2021-09-28 22:00:00,17.0,12.0,0.4,0.029,20.4,0.003333333333333333,92,0.7,1.6,9,28,22,20.0
2021-09-28 23:00:00,13.0,8.0,0.4,0.025,20.1,0.0044444444444444444,94,0.1,2.0,9,28,23,20.0
2021-09-29 00:00:00,13.0,7.0,0.4,0.019,20.1,0.005555555555555556,95,0.1,1.7,9,29,0,6.0
2021-09-29 01:00:00,11.0,8.0,0.4,0.016,20.2,0.006666666666666666,96,1.1,1.6,9,29,1,20.0
2021-09-29 05:00:00,13.0,10.0,0.4,0.014,20.5,0.0077777777777777776,95,0.1,2.0,9,29,5,20.0
2021-09-29 06:00:00,14.0,11.0,0.4,0.023,20.4,0.008888888888888889,95,2.7,0.9,9,29,6,20.0
2021-09-29 07:00:00,14.0,10.0,0.5,0.028,20.5,0.01,96,0.0,1.6,9,29,7,20.0
2021-09-29 08:00:00,22.0,16.0,0.6,0.03,20.9,0.05,98,0.1,0.7,9,29,8,20.0
2021-09-29 09:00:00,17.0,13.0,0.5,0.025,21.1,0.06,97,3.7,4.1,9,29,9,10.0
2021-09-29 10:00:00,8.0,7.0,0.4,0.023,20.9,0.17,98,3.7,2.4,9,29,10,12.0
2021-09-29 11:00:00,5.0,3.0,0.5,0.022,21.1,0.39,94,1.1,2.3,9,29,11,20.0
2021-09-29 12:00:00,9.0,6.0,0.4,0.025,21.2,0.33,94,0.0,2.2,9,29,12,20.0
2021-09-29 13:00:00,8.0,5.0,0.4,0.015,20.5,0.22,92,0.4,4.0,9,29,13,20.0
2021-09-29 14:00:00,8.0,4.0,0.4,0.016,20.6,0.37,93,0.0,1.1,9,29,14,20.0
2021-09-29 15:00:00,12.0,10.0,0.4,0.017,20.8,0.53,89,0.0,1.7,9,29,15,20.0
2021-09-29 16:00:00,11.0,9.0,0.4,0.02,20.9,0.41,87,0.0,2.5,9,29,16,20.0
2021-09-29 17:00:00,10.0,7.0,0.5,0.015,20.5,0.18,90,0.1,1.7,9,29,17,17.0
2021-09-29 18:00:00,11.0,8.0,0.4,0.017,20.2,0.11,90,0.1,1.6,9,29,18,18.0
2021-10-01 22:00:00,33.0,24.0,0.3,0.01,21.4,0.31,79,0.0,4.0,10,1,22,20.0
2021-10-01 23:00:00,11.0,6.0,0.3,0.015,17.2,0.31,88,12.7,3.7,10,1,23,20.0
2021-10-02 00:00:00,10.0,7.0,0.3,0.012,17.0,0.31,90,0.6,2.9,10,2,0,20.0
2021-10-04 12:00:00,43.0,21.0,0.4,0.019,24.3,0.31,78,0.0,4.5,10,4,12,20.0
2021-10-04 13:00:00,41.0,18.0,0.3,0.013,24.5,0.4,80,0.0,3.9,10,4,13,20.0
2021-10-04 14:00:00,45.0,16.0,0.3,0.01,25.4,0.61,77,0.0,4.4,10,4,14,20.0
2021-10-04 18:00:00,37.0,14.0,0.3,0.011,24.1,0.02,92,2.5,2.8,10,4,18,20.0
2021-10-04 19:00:00,37.0,13.0,0.3,0.008,24.0,0.0,89,1.1,3.8,10,4,19,20.0
2021-10-04 20:00:00,35.0,11.0,0.3,0.009,23.9,0.0075,88,0.0,4.5,10,4,20,20.0
2021-10-04 21:00:00,33.0,10.0,0.3,0.007,24.0,0.015,87,0.0,4.1,10,4,21,20.0
2021-10-04 22:00:00,38.0,14.0,0.3,0.007,24.1,0.0225,84,0.0,3.7,10,4,22,20.0
2021-10-05 18:00:00,44.0,17.0,0.4,0.022,23.5,0.03,84,0.0,2.0,10,5,18,37.0
2021-10-05 19:00:00,42.0,16.0,0.4,0.018,23.2,0.0,88,0.0,3.1,10,5,19,37.0
2021-10-05 20:00:00,43.0,15.0,0.4,0.013,22.7,0.0,88,0.0,2.3,10,5,20,35.0
2021-10-05 21:00:00,35.0,13.0,0.4,0.014,22.5,0.0,88,0.0,2.0,10,5,21,33.0
2021-10-06 03:00:00,16.0,4.0,0.3,0.009,20.3,0.0,88,0.0,2.0,10,6,3,20.0
2021-10-06 04:00:00,7.0,4.0,0.3,0.008,19.3,0.0,94,0.3,2.5,10,6,4,20.0
2021-10-06 05:00:00,3.0,1.0,0.3,0.008,18.9,0.0,95,0.5,2.5,10,6,5,20.0
2021-10-06 06:00:00,3.0,1.0,0.3,0.011,18.5,0.0,95,0.7,3.0,10,6,6,20.0
2021-10-06 07:00:00,3.0,1.0,0.3,0.015,18.2,0.0,96,0.2,3.4,10,6,7,20.0
2021-10-06 08:00:00,3.0,1.0,0.3,0.016,18.1,0.03,99,0.9,2.9,10,6,8,20.0
2021-10-06 09:00:00,3.0,1.0,0.3,0.018,18.0,0.09,98,1.6,3.6,10,6,9,20.0
2021-10-06 10:00:00,3.0,3.0,0.3,0.016,18.0,0.15,98,0.8,3.8,10,6,10,20.0
2021-10-06 11:00:00,3.0,1.0,0.3,0.016,18.0,0.18,98,0.5,3.4,10,6,11,20.0
2021-10-06 12:00:00,3.0,2.0,0.3,0.015,18.2,0.24,98,0.4,3.4,10,6,12,20.0
2021-10-06 13:00:00,3.0,1.0,0.4,0.015,18.4,0.34,98,0.2,3.3,10,6,13,20.0
2021-10-06 14:00:00,4.0,2.0,0.4,0.018,18.4,0.3,97,0.3,2.7,10,6,14,20.0
2021-10-06 15:00:00,4.0,1.0,0.4,0.019,18.6,0.34,96,0.0,3.0,10,6,15,20.0
2021-10-07 01:00:00,4.0,1.0,0.3,0.013,18.8,0.2833333333333333,84,0.0,1.4,10,7,1,20.0
2021-10-07 02:00:00,5.0,1.0,0.3,0.012,18.8,0.22666666666666668,85,0.0,0.9,10,7,2,20.0
2021-10-07 03:00:00,5.0,1.0,0.3,0.014,18.8,0.17,86,0.0,0.6,10,7,3,16.0
2021-10-07 05:00:00,5.0,3.0,0.3,0.015,18.8,0.11333333333333334,88,0.3,0.5,10,7,5,3.0
2021-10-07 06:00:00,8.0,3.0,0.3,0.02,18.4,0.0566666666666667,95,3.6,0.5,10,7,6,3.0
2021-10-07 07:00:00,4.0,2.0,0.4,0.023,18.4,0.0,95,0.5,0.7,10,7,7,3.0
2021-10-07 08:00:00,9.0,4.0,0.4,0.024,18.6,0.0,95,0.2,0.4,10,7,8,3.0
2021-10-07 11:00:00,18.0,14.0,0.4,0.021,20.0,0.24,89,0.0,1.5,10,7,11,3.0
2021-10-07 12:00:00,17.0,11.0,0.4,0.019,20.6,0.84,84,0.0,1.9,10,7,12,3.0
2021-10-07 13:00:00,14.0,9.0,0.4,0.02,21.3,0.9,81,0.0,1.2,10,7,13,3.0
2021-10-08 09:00:00,24.0,11.0,0.6,0.025,18.6,0.33,90,0.0,2.3,10,8,9,20.0
2021-10-08 10:00:00,29.0,14.0,0.6,0.027,19.2,0.4,90,0.0,2.0,10,8,10,20.0
2021-10-08 11:00:00,29.0,16.0,0.6,0.026,19.3,0.25,92,0.5,1.5,10,8,11,18.0
2021-10-08 12:00:00,31.0,16.0,0.6,0.027,19.6,0.38,92,0.5,1.3,10,8,12,17.0
2021-10-08 13:00:00,23.0,16.0,0.6,0.027,19.8,0.27,92,0.8,0.9,10,8,13,14.0
2021-10-08 14:00:00,21.0,15.0,0.5,0.025,20.0,0.4,93,0.4,1.7,10,8,14,20.0
2021-10-08 15:00:00,18.0,12.0,0.5,0.026,19.8,0.32,93,0.6,1.9,10,8,15,20.0
2021-10-08 16:00:00,19.0,13.0,0.5,0.029,19.7,0.17,92,0.2,1.7,10,8,16,20.0
2021-10-08 17:00:00,15.0,11.0,0.5,0.027,19.6,0.1,94,0.4,1.8,10,8,17,20.0
2021-10-08 18:00:00,16.0,10.0,0.5,0.028,19.3,0.06,93,0.1,1.9,10,8,18,20.0
2021-10-09 07:00:00,8.0,5.0,0.4,0.021,18.8,0.0,88,0.0,2.7,10,9,7,20.0
2021-10-09 08:00:00,10.0,3.0,0.4,0.021,18.8,0.14,91,0.3,2.5,10,9,8,20.0
2021-10-09 09:00:00,7.0,3.0,0.4,0.016,19.2,0.32,90,0.0,3.3,10,9,9,24.0
2021-10-09 10:00:00,7.0,2.0,0.4,0.016,20.7,0.81,85,0.1,2.4,10,9,10,29.0
2021-10-10 07:00:00,18.0,11.0,0.5,0.023,20.8,0.01,91,0.0,0.9,10,10,7,8.0
2021-10-10 08:00:00,24.0,15.0,0.4,0.019,21.5,0.06,85,0.0,1.9,10,10,8,10.0
2021-10-10 09:00:00,29.0,20.0,0.4,0.015,22.5,0.31,84,0.0,2.8,10,10,9,7.0
2021-10-10 11:00:00,32.0,23.0,0.3,0.011,23.7,0.62,82,0.0,3.2,10,10,11,20.0
2021-10-10 13:00:00,15.0,12.0,0.3,0.011,21.9,0.28,90,1.9,3.5,10,10,13,20.0
2021-10-10 14:00:00,6.0,6.0,0.3,0.012,21.2,0.21,95,3.9,3.5,10,10,14,20.0
2021-10-10 15:00:00,4.0,3.0,0.4,0.011,20.5,0.17,95,2.7,3.1,10,10,15,20.0
2021-10-10 16:00:00,4.0,4.0,0.4,0.013,20.2,0.14,95,1.7,2.1,10,10,16,20.0
2021-10-10 17:00:00,3.0,2.0,0.5,0.008,19.7,0.06,94,0.1,3.5,10,10,17,20.0
2021-10-10 18:00:00,3.0,4.0,0.5,0.009,19.1,0.03,93,0.0,2.2,10,10,18,20.0
2021-10-10 19:00:00,13.0,9.0,0.5,0.008,18.2,0.0,90,0.0,3.0,10,10,19,20.0
2021-10-10 20:00:00,23.0,14.0,0.5,0.008,17.6,0.0,91,0.4,2.0,10,10,20,20.0
2021-10-10 21:00:00,24.0,15.0,0.4,0.007,16.6,0.0,86,1.0,4.1,10,10,21,20.0
2021-10-10 22:00:00,27.0,19.0,0.4,0.01,15.6,0.0,87,0.3,2.3,10,10,22,20.0
2021-10-10 23:00:00,33.0,18.0,0.4,0.013,15.1,0.0,89,1.9,1.0,10,10,23,20.0
2021-10-11 00:00:00,37.0,19.0,0.4,0.01,14.9,0.0,91,0.3,2.3,10,11,0,20.0
2021-10-11 01:00:00,42.0,14.0,0.4,0.006,14.1,0.0,87,0.1,2.7,10,11,1,20.0
2021-10-11 02:00:00,41.0,11.0,0.4,0.007,13.5,0.0,83,0.1,1.5,10,11,2,20.0
2021-10-11 03:00:00,36.0,10.0,0.4,0.006,13.4,0.0,88,0.1,1.1,10,11,3,20.0
2021-10-11 04:00:00,34.0,12.0,0.4,0.007,13.1,0.0,90,0.0,1.8,10,11,4,20.0
2021-10-11 05:00:00,28.0,9.0,0.3,0.009,12.9,0.0,90,0.0,1.8,10,11,5,20.0
2021-10-11 06:00:00,25.0,9.0,0.3,0.011,12.8,0.0,90,0.0,1.7,10,11,6,20.0
2021-10-11 07:00:00,25.0,9.0,0.3,0.011,12.6,0.0,90,0.0,1.9,10,11,7,18.0
2021-10-11 08:00:00,22.0,11.0,0.3,0.011,12.8,0.16,88,0.0,2.2,10,11,8,24.0
2021-10-15 04:00:00,30.0,15.0,0.3,0.008,17.6,0.15,82,0.0,2.8,10,15,4,20.0
2021-10-15 05:00:00,26.0,14.0,0.4,0.012,17.3,0.14,84,0.0,1.6,10,15,5,20.0
2021-10-15 06:00:00,22.0,14.0,0.4,0.012,17.1,0.13,85,0.0,1.5,10,15,6,20.0
2021-10-15 08:00:00,21.0,13.0,0.4,0.017,17.2,0.12,82,0.0,2.0,10,15,8,20.0
2021-10-15 09:00:00,21.0,12.0,0.4,0.022,17.7,0.44,80,0.0,0.9,10,15,9,20.0
2021-10-15 10:00:00,25.0,15.0,0.5,0.02,18.3,0.5,75,0.0,2.2,10,15,10,20.0
2021-10-15 11:00:00,23.0,14.0,0.5,0.019,18.8,0.6,75,0.0,1.7,10,15,11,20.0
2021-10-15 12:00:00,17.0,15.0,0.4,0.016,19.6,0.96,77,0.0,2.4,10,15,12,20.0
2021-10-15 23:00:00,32.0,15.0,0.4,0.011,18.8,0.9394117647058823,63,0.0,3.1,10,15,23,20.0
2021-10-16 00:00:00,31.0,15.0,0.4,0.008,18.1,0.9188235294117647,63,0.0,3.1,10,16,0,20.0
2021-10-16 01:00:00,23.0,10.0,0.3,0.006,17.5,0.898235294117647,53,0.0,2.8,10,16,1,20.0
2021-10-16 02:00:00,18.0,10.0,0.3,0.006,17.0,0.8776470588235293,56,0.0,3.7,10,16,2,20.0
2021-10-16 03:00:00,21.0,11.0,0.3,0.005,16.4,0.8570588235294118,59,0.0,3.5,10,16,3,20.0
2021-10-18 20:00:00,30.0,19.0,0.6,0.04,12.3,0.8364705882352941,81,0.4,2.9,10,18,20,20.0
2021-10-18 21:00:00,27.0,19.0,0.6,0.04,11.5,0.8158823529411765,86,2.2,1.6,10,18,21,20.0
2021-10-18 22:00:00,22.0,17.0,0.5,0.038,10.7,0.7952941176470588,89,0.6,2.2,10,18,22,20.0
2021-10-18 23:00:00,21.0,16.0,0.5,0.038,10.4,0.7747058823529411,91,0.0,2.0,10,18,23,20.0
2021-10-19 00:00:00,22.0,19.0,0.5,0.036,10.4,0.7541176470588236,92,2.4,0.8,10,19,0,20.0
2021-10-19 01:00:00,18.0,14.0,0.6,0.035,10.4,0.7335294117647059,94,3.1,1.3,10,19,1,20.0
2021-10-19 02:00:00,20.0,18.0,0.5,0.027,10.5,0.7129411764705882,94,1.0,1.1,10,19,2,20.0
2021-10-19 03:00:00,16.0,14.0,0.5,0.026,10.6,0.6923529411764706,94,0.3,0.7,10,19,3,20.0
2021-10-27 04:00:00,60.0,42.0,0.7,0.05,11.9,0.6717647058823529,88,0.0,0.9,10,27,4,20.0
2021-10-27 05:00:00,59.0,42.0,0.7,0.049,11.8,0.6511764705882352,89,0.0,1.6,10,27,5,20.0
2021-10-31 21:00:00,32.0,19.0,0.5,0.026,14.3,0.6305882352941177,77,0.7,0.3,10,31,21,20.0
2021-11-04 15:00:00,57.0,35.0,0.6,0.04,15.7,0.61,66,0.0,1.4,11,4,15,20.0
2021-11-08 06:00:00,18.0,7.0,0.3,0.018,15.2,0.33499999999999996,74,0.2,2.3,11,8,6,20.0
2021-11-08 09:00:00,6.0,2.0,0.4,0.012,10.5,0.06,91,13.8,5.8,11,8,9,20.0
2021-11-08 12:00:00,9.0,6.0,0.4,0.013,6.5,0.2,92,9.4,4.2,11,8,12,20.0
2021-11-08 15:00:00,8.0,5.5,0.4,0.013,6.7,0.5,87,0.2,4.3,11,8,15,20.0
2021-11-08 18:00:00,7.0,5.0,0.4,0.013,5.4,0.02,90,1.8,3.2,11,8,18,20.0
2021-11-08 21:00:00,7.0,3.0,0.3,0.011,4.7,0.041999999999999996,78,0.1,3.5,11,8,21,20.0
2021-11-09 00:00:00,9.0,6.0,0.3,0.008,4.5,0.064,83,0.2,2.7,11,9,0,20.0
2021-11-09 03:00:00,4.0,3.0,0.3,0.01,3.5,0.08600000000000001,76,0.1,2.2,11,9,3,20.0
2021-11-09 06:00:00,8.0,6.0,0.3,0.016,3.8,0.108,77,0.0,1.2,11,9,6,18.0
2021-11-09 09:00:00,8.0,5.0,0.4,0.026,4.1,0.13,90,0.6,2.1,11,9,9,6.0
2021-11-09 12:00:00,15.0,8.0,0.4,0.025,6.0,0.62,85,0.0,2.4,11,9,12,9.0
2021-11-09 15:00:00,8.0,6.0,0.4,0.028,5.8,0.23,90,1.2,2.4,11,9,15,8.0
2021-11-09 18:00:00,13.0,10.0,0.4,0.022,6.3,0.01,82,0.1,2.5,11,9,18,7.0
2021-11-09 21:00:00,11.0,8.0,0.4,0.013,5.8,0.105,73,0.0,2.6,11,9,21,7.0
2021-11-10 09:00:00,10.0,7.0,0.4,0.022,2.1,0.2,90,0.3,1.7,11,10,9,8.0
2021-11-10 18:00:00,14.0,8.0,0.4,0.015,5.9,0.01,67,0.0,3.2,11,10,18,13.0
2021-11-10 21:00:00,11.0,6.0,0.4,0.013,5.4,0.7,74,0.0,3.0,11,10,21,11.0
2021-11-11 12:00:00,18.0,11.0,0.4,0.01,9.0,1.39,52,0.0,4.2,11,11,12,20.0
2021-11-18 06:00:00,39.0,20.0,0.6,0.049,8.2,1.395,63,0.0,2.1,11,18,6,20.0
2021-11-18 12:00:00,64.0,28.0,0.8,0.048,13.1,1.4,66,0.0,1.0,11,18,12,20.0
2021-11-18 18:00:00,79.0,36.0,0.6,0.024,14.4,0.0,78,0.0,3.0,11,18,18,20.0
2021-11-22 00:00:00,11.0,10.0,0.4,0.01,7.6,0.6333333333333333,92,5.9,6.4,11,22,0,20.0
2021-11-22 03:00:00,33.0,23.0,0.5,0.01,6.5,1.2666666666666666,83,1.3,3.8,11,22,3,20.0
2021-11-24 12:00:00,37.0,23.0,0.5,0.029,8.3,1.9,61,0.0,3.2,11,24,12,20.0
2021-11-26 15:00:00,29.0,15.0,0.4,0.015,5.3,0.4,62,0.0,3.0,11,26,15,20.0
2021-11-30 06:00:00,30.0,21.0,0.5,0.034,6.9,0.21500000000000002,91,5.8,3.0,11,30,6,20.0
2021-11-30 09:00:00,19.0,14.0,0.7,0.042,7.2,0.03,97,11.1,2.4,11,30,9,20.0
2021-11-30 12:00:00,16.0,9.0,0.7,0.044,7.7,0.11,97,8.1,0.8,11,30,12,20.0
2021-11-30 15:00:00,9.0,7.0,0.6,0.017,8.0,0.06,90,2.2,4.2,11,30,15,20.0
2021-11-30 18:00:00,15.0,14.0,0.4,0.011,4.6,0.0,73,0.0,4.2,11,30,18,20.0
2021-11-30 21:00:00,14.0,10.0,0.3,0.008,2.4,0.11,67,0.0,4.7,11,30,21,20.0
2021-12-01 00:00:00,18.0,12.0,0.3,0.006,0.7,0.22,60,0.0,5.6,12,1,0,20.0
2021-12-02 15:00:00,24.0,16.0,0.5,0.024,4.1,0.33,72,0.0,4.2,12,2,15,20.0
2021-12-02 18:00:00,24.0,15.0,0.6,0.034,4.8,0.0,73,0.0,2.6,12,2,18,20.0
2021-12-02 21:00:00,18.0,13.0,0.5,0.029,4.8,0.06,79,0.1,2.8,12,2,21,20.0
2021-12-03 03:00:00,28.0,17.0,0.4,0.013,4.4,0.12,86,0.4,2.3,12,3,3,20.0
2021-12-03 06:00:00,29.0,16.0,0.4,0.016,2.7,0.18,69,0.0,2.5,12,3,6,20.0
2021-12-10 12:00:00,32.0,16.0,0.7,0.038,7.3,0.24,84,0.5,2.6,12,10,12,20.0
2021-12-10 15:00:00,38.0,21.0,0.8,0.038,8.2,0.13,82,0.0,0.3,12,10,15,20.0
2021-12-10 18:00:00,40.0,26.0,0.7,0.034,7.6,0.01,88,0.2,2.3,12,10,18,20.0
2021-12-14 18:00:00,38.0,23.0,0.5,0.04,6.0,0.0,73,0.0,2.2,12,14,18,20.0
2021-12-14 21:00:00,39.0,26.0,0.6,0.041,5.6,0.008,85,0.4,1.3,12,14,21,20.0
2021-12-15 00:00:00,38.0,27.0,0.6,0.039,5.8,0.016,92,0.8,1.3,12,15,0,20.0
2021-12-15 03:00:00,38.0,27.0,0.7,0.042,5.5,0.024,95,0.1,1.5,12,15,3,20.0
2021-12-15 06:00:00,28.0,21.0,0.5,0.035,6.2,0.032,93,1.3,1.0,12,15,6,20.0
2021-12-15 09:00:00,42.0,29.0,0.9,0.048,6.7,0.04,94,0.6,0.2,12,15,9,20.0
2021-12-15 12:00:00,95.0,68.0,0.7,0.038,9.5,1.12,81,0.1,2.5,12,15,12,20.0
2021-12-16 21:00:00,89.0,59.0,0.7,0.031,7.3,0.7300000000000001,76,0.0,2.6,12,16,21,20.0
2021-12-18 15:00:00,29.0,13.0,0.4,0.026,-1.9,0.34,63,0.0,2.7,12,18,15,20.0
2021-12-18 18:00:00,22.0,17.0,0.5,0.039,-3.4,0.01,88,1.6,2.2,12,18,18,20.0
2021-12-19 00:00:00,25.0,19.0,0.6,0.039,-2.5,0.074,95,1.2,1.9,12,19,0,20.0
2021-12-19 03:00:00,29.0,17.0,0.5,0.013,-2.6,0.138,73,0.2,2.5,12,19,3,20.0
2021-12-20 03:00:00,30.0,17.0,1.0,0.053,-0.3,0.202,82,0.0,1.2,12,20,3,29.0
2021-12-20 06:00:00,33.0,20.0,1.0,0.053,0.2,0.266,83,0.0,2.4,12,20,6,20.0
2021-12-24 15:00:00,53.0,40.0,0.6,0.019,2.1,0.33,82,0.1,3.3,12,24,15,20.0
2021-12-24 18:00:00,39.0,38.0,0.5,0.017,-1.4,0.01,67,0.1,4.0,12,24,18,20.0
2021-12-27 15:00:00,42.0,24.0,0.6,0.041,-4.2,0.21,60,0.0,0.6,12,27,15,20.0
2021-12-27 18:00:00,41.0,26.0,0.8,0.05,-4.1,0.01,69,0.0,2.8,12,27,18,20.0
2021-12-29 03:00:00,52.0,39.0,0.9,0.047,-3.0,0.01,82,0.0,2.4,12,29,3,20.0
2021-12-29 06:00:00,53.0,41.0,0.8,0.043,-1.9,0.01,87,0.2,1.6,12,29,6,20.0
2021-12-29 18:00:00,92.0,63.0,0.8,0.035,3.8,0.01,71,0.0,3.4,12,29,18,20.0
2021-12-30 18:00:00,23.0,13.0,0.4,0.02,-2.0,0.02,56,0.0,3.1,12,30,18,92.0
2021-12-30 21:00:00,28.0,15.0,0.4,0.013,-4.5,0.07200000000000001,48,0.0,4.7,12,30,21,20.0
